gene_id,gene_short_name,gene_type,chromosome
GENE_000001,Gene_1,protein_coding,chr1
GENE_000002,Gene_2,protein_coding,chr2
GENE_000003,Gene_3,protein_coding,chr3
GENE_000004,Gene_4,protein_coding,chr4
GENE_000005,Gene_5,protein_coding,chr5
GENE_000006,Gene_6,protein_coding,chr6
GENE_000007,Gene_7,protein_coding,chr7
GENE_000008,Gene_8,protein_coding,chr8
GENE_000009,Gene_9,protein_coding,chr9
GENE_000010,Gene_10,protein_coding,chr10
GENE_000011,Gene_11,protein_coding,chr11
GENE_000012,Gene_12,protein_coding,chr12
GENE_000013,Gene_13,protein_coding,chr13
GENE_000014,Gene_14,protein_coding,chr14
GENE_000015,Gene_15,protein_coding,chr15
GENE_000016,Gene_16,protein_coding,chr16
GENE_000017,Gene_17,protein_coding,chr17
GENE_000018,Gene_18,protein_coding,chr18
GENE_000019,Gene_19,protein_coding,chr19
GENE_000020,Gene_20,protein_coding,chr20
GENE_000021,Gene_21,protein_coding,chr21
GENE_000022,Gene_22,protein_coding,chr22
GENE_000023,Gene_23,protein_coding,chr1
GENE_000024,Gene_24,protein_coding,chr2
GENE_000025,Gene_25,protein_coding,chr3
GENE_000026,Gene_26,protein_coding,chr4
GENE_000027,Gene_27,protein_coding,chr5
GENE_000028,Gene_28,protein_coding,chr6
GENE_000029,Gene_29,protein_coding,chr7
GENE_000030,Gene_30,protein_coding,chr8
GENE_000031,Gene_31,protein_coding,chr9
GENE_000032,Gene_32,protein_coding,chr10
GENE_000033,Gene_33,protein_coding,chr11
GENE_000034,Gene_34,protein_coding,chr12
GENE_000035,Gene_35,protein_coding,chr13
GENE_000036,Gene_36,protein_coding,chr14
GENE_000037,Gene_37,protein_coding,chr15
GENE_000038,Gene_38,protein_coding,chr16
GENE_000039,Gene_39,protein_coding,chr17
GENE_000040,Gene_40,protein_coding,chr18
GENE_000041,Gene_41,protein_coding,chr19
GENE_000042,Gene_42,protein_coding,chr20
GENE_000043,Gene_43,protein_coding,chr21
GENE_000044,Gene_44,protein_coding,chr22
GENE_000045,Gene_45,protein_coding,chr1
GENE_000046,Gene_46,protein_coding,chr2
GENE_000047,Gene_47,protein_coding,chr3
GENE_000048,Gene_48,protein_coding,chr4
GENE_000049,Gene_49,protein_coding,chr5
GENE_000050,Gene_50,protein_coding,chr6
GENE_000051,Gene_51,protein_coding,chr7
GENE_000052,Gene_52,protein_coding,chr8
GENE_000053,Gene_53,protein_coding,chr9
GENE_000054,Gene_54,protein_coding,chr10
GENE_000055,Gene_55,protein_coding,chr11
GENE_000056,Gene_56,protein_coding,chr12
GENE_000057,Gene_57,protein_coding,chr13
GENE_000058,Gene_58,protein_coding,chr14
GENE_000059,Gene_59,protein_coding,chr15
GENE_000060,Gene_60,protein_coding,chr16
GENE_000061,Gene_61,protein_coding,chr17
GENE_000062,Gene_62,protein_coding,chr18
GENE_000063,Gene_63,protein_coding,chr19
GENE_000064,Gene_64,protein_coding,chr20
GENE_000065,Gene_65,protein_coding,chr21
GENE_000066,Gene_66,protein_coding,chr22
GENE_000067,Gene_67,protein_coding,chr1
GENE_000068,Gene_68,protein_coding,chr2
GENE_000069,Gene_69,protein_coding,chr3
GENE_000070,Gene_70,protein_coding,chr4
GENE_000071,Gene_71,protein_coding,chr5
GENE_000072,Gene_72,protein_coding,chr6
GENE_000073,Gene_73,protein_coding,chr7
GENE_000074,Gene_74,protein_coding,chr8
GENE_000075,Gene_75,protein_coding,chr9
GENE_000076,Gene_76,protein_coding,chr10
GENE_000077,Gene_77,protein_coding,chr11
GENE_000078,Gene_78,protein_coding,chr12
GENE_000079,Gene_79,protein_coding,chr13
GENE_000080,Gene_80,protein_coding,chr14
GENE_000081,Gene_81,protein_coding,chr15
GENE_000082,Gene_82,protein_coding,chr16
GENE_000083,Gene_83,protein_coding,chr17
GENE_000084,Gene_84,protein_coding,chr18
GENE_000085,Gene_85,protein_coding,chr19
GENE_000086,Gene_86,protein_coding,chr20
GENE_000087,Gene_87,protein_coding,chr21
GENE_000088,Gene_88,protein_coding,chr22
GENE_000089,Gene_89,protein_coding,chr1
GENE_000090,Gene_90,protein_coding,chr2
GENE_000091,Gene_91,protein_coding,chr3
GENE_000092,Gene_92,protein_coding,chr4
GENE_000093,Gene_93,protein_coding,chr5
GENE_000094,Gene_94,protein_coding,chr6
GENE_000095,Gene_95,protein_coding,chr7
GENE_000096,Gene_96,protein_coding,chr8
GENE_000097,Gene_97,protein_coding,chr9
GENE_000098,Gene_98,protein_coding,chr10
GENE_000099,Gene_99,protein_coding,chr11
GENE_000100,Gene_100,protein_coding,chr12
GENE_000101,Gene_101,protein_coding,chr13
GENE_000102,Gene_102,protein_coding,chr14
GENE_000103,Gene_103,protein_coding,chr15
GENE_000104,Gene_104,protein_coding,chr16
GENE_000105,Gene_105,protein_coding,chr17
GENE_000106,Gene_106,protein_coding,chr18
GENE_000107,Gene_107,protein_coding,chr19
GENE_000108,Gene_108,protein_coding,chr20
GENE_000109,Gene_109,protein_coding,chr21
GENE_000110,Gene_110,protein_coding,chr22
GENE_000111,Gene_111,protein_coding,chr1
GENE_000112,Gene_112,protein_coding,chr2
GENE_000113,Gene_113,protein_coding,chr3
GENE_000114,Gene_114,protein_coding,chr4
GENE_000115,Gene_115,protein_coding,chr5
GENE_000116,Gene_116,protein_coding,chr6
GENE_000117,Gene_117,protein_coding,chr7
GENE_000118,Gene_118,protein_coding,chr8
GENE_000119,Gene_119,protein_coding,chr9
GENE_000120,Gene_120,protein_coding,chr10
GENE_000121,Gene_121,protein_coding,chr11
GENE_000122,Gene_122,protein_coding,chr12
GENE_000123,Gene_123,protein_coding,chr13
GENE_000124,Gene_124,protein_coding,chr14
GENE_000125,Gene_125,protein_coding,chr15
GENE_000126,Gene_126,protein_coding,chr16
GENE_000127,Gene_127,protein_coding,chr17
GENE_000128,Gene_128,protein_coding,chr18
GENE_000129,Gene_129,protein_coding,chr19
GENE_000130,Gene_130,protein_coding,chr20
GENE_000131,Gene_131,protein_coding,chr21
GENE_000132,Gene_132,protein_coding,chr22
GENE_000133,Gene_133,protein_coding,chr1
GENE_000134,Gene_134,protein_coding,chr2
GENE_000135,Gene_135,protein_coding,chr3
GENE_000136,Gene_136,protein_coding,chr4
GENE_000137,Gene_137,protein_coding,chr5
GENE_000138,Gene_138,protein_coding,chr6
GENE_000139,Gene_139,protein_coding,chr7
GENE_000140,Gene_140,protein_coding,chr8
GENE_000141,Gene_141,protein_coding,chr9
GENE_000142,Gene_142,protein_coding,chr10
GENE_000143,Gene_143,protein_coding,chr11
GENE_000144,Gene_144,protein_coding,chr12
GENE_000145,Gene_145,protein_coding,chr13
GENE_000146,Gene_146,protein_coding,chr14
GENE_000147,Gene_147,protein_coding,chr15
GENE_000148,Gene_148,protein_coding,chr16
GENE_000149,Gene_149,protein_coding,chr17
GENE_000150,Gene_150,protein_coding,chr18
GENE_000151,Gene_151,protein_coding,chr19
GENE_000152,Gene_152,protein_coding,chr20
GENE_000153,Gene_153,protein_coding,chr21
GENE_000154,Gene_154,protein_coding,chr22
GENE_000155,Gene_155,protein_coding,chr1
GENE_000156,Gene_156,protein_coding,chr2
GENE_000157,Gene_157,protein_coding,chr3
GENE_000158,Gene_158,protein_coding,chr4
GENE_000159,Gene_159,protein_coding,chr5
GENE_000160,Gene_160,protein_coding,chr6
GENE_000161,Gene_161,protein_coding,chr7
GENE_000162,Gene_162,protein_coding,chr8
GENE_000163,Gene_163,protein_coding,chr9
GENE_000164,Gene_164,protein_coding,chr10
GENE_000165,Gene_165,protein_coding,chr11
GENE_000166,Gene_166,protein_coding,chr12
GENE_000167,Gene_167,protein_coding,chr13
GENE_000168,Gene_168,protein_coding,chr14
GENE_000169,Gene_169,protein_coding,chr15
GENE_000170,Gene_170,protein_coding,chr16
GENE_000171,Gene_171,protein_coding,chr17
GENE_000172,Gene_172,protein_coding,chr18
GENE_000173,Gene_173,protein_coding,chr19
GENE_000174,Gene_174,protein_coding,chr20
GENE_000175,Gene_175,protein_coding,chr21
GENE_000176,Gene_176,protein_coding,chr22
GENE_000177,Gene_177,protein_coding,chr1
GENE_000178,Gene_178,protein_coding,chr2
GENE_000179,Gene_179,protein_coding,chr3
GENE_000180,Gene_180,protein_coding,chr4
GENE_000181,Gene_181,protein_coding,chr5
GENE_000182,Gene_182,protein_coding,chr6
GENE_000183,Gene_183,protein_coding,chr7
GENE_000184,Gene_184,protein_coding,chr8
GENE_000185,Gene_185,protein_coding,chr9
GENE_000186,Gene_186,protein_coding,chr10
GENE_000187,Gene_187,protein_coding,chr11
GENE_000188,Gene_188,protein_coding,chr12
GENE_000189,Gene_189,protein_coding,chr13
GENE_000190,Gene_190,protein_coding,chr14
GENE_000191,Gene_191,protein_coding,chr15
GENE_000192,Gene_192,protein_coding,chr16
GENE_000193,Gene_193,protein_coding,chr17
GENE_000194,Gene_194,protein_coding,chr18
GENE_000195,Gene_195,protein_coding,chr19
GENE_000196,Gene_196,protein_coding,chr20
GENE_000197,Gene_197,protein_coding,chr21
GENE_000198,Gene_198,protein_coding,chr22
GENE_000199,Gene_199,protein_coding,chr1
GENE_000200,Gene_200,protein_coding,chr2
GENE_000201,Gene_201,protein_coding,chr3
GENE_000202,Gene_202,protein_coding,chr4
GENE_000203,Gene_203,protein_coding,chr5
GENE_000204,Gene_204,protein_coding,chr6
GENE_000205,Gene_205,protein_coding,chr7
GENE_000206,Gene_206,protein_coding,chr8
GENE_000207,Gene_207,protein_coding,chr9
GENE_000208,Gene_208,protein_coding,chr10
GENE_000209,Gene_209,protein_coding,chr11
GENE_000210,Gene_210,protein_coding,chr12
GENE_000211,Gene_211,protein_coding,chr13
GENE_000212,Gene_212,protein_coding,chr14
GENE_000213,Gene_213,protein_coding,chr15
GENE_000214,Gene_214,protein_coding,chr16
GENE_000215,Gene_215,protein_coding,chr17
GENE_000216,Gene_216,protein_coding,chr18
GENE_000217,Gene_217,protein_coding,chr19
GENE_000218,Gene_218,protein_coding,chr20
GENE_000219,Gene_219,protein_coding,chr21
GENE_000220,Gene_220,protein_coding,chr22
GENE_000221,Gene_221,protein_coding,chr1
GENE_000222,Gene_222,protein_coding,chr2
GENE_000223,Gene_223,protein_coding,chr3
GENE_000224,Gene_224,protein_coding,chr4
GENE_000225,Gene_225,protein_coding,chr5
GENE_000226,Gene_226,protein_coding,chr6
GENE_000227,Gene_227,protein_coding,chr7
GENE_000228,Gene_228,protein_coding,chr8
GENE_000229,Gene_229,protein_coding,chr9
GENE_000230,Gene_230,protein_coding,chr10
GENE_000231,Gene_231,protein_coding,chr11
GENE_000232,Gene_232,protein_coding,chr12
GENE_000233,Gene_233,protein_coding,chr13
GENE_000234,Gene_234,protein_coding,chr14
GENE_000235,Gene_235,protein_coding,chr15
GENE_000236,Gene_236,protein_coding,chr16
GENE_000237,Gene_237,protein_coding,chr17
GENE_000238,Gene_238,protein_coding,chr18
GENE_000239,Gene_239,protein_coding,chr19
GENE_000240,Gene_240,protein_coding,chr20
GENE_000241,Gene_241,protein_coding,chr21
GENE_000242,Gene_242,protein_coding,chr22
GENE_000243,Gene_243,protein_coding,chr1
GENE_000244,Gene_244,protein_coding,chr2
GENE_000245,Gene_245,protein_coding,chr3
GENE_000246,Gene_246,protein_coding,chr4
GENE_000247,Gene_247,protein_coding,chr5
GENE_000248,Gene_248,protein_coding,chr6
GENE_000249,Gene_249,protein_coding,chr7
GENE_000250,Gene_250,protein_coding,chr8
GENE_000251,Gene_251,protein_coding,chr9
GENE_000252,Gene_252,protein_coding,chr10
GENE_000253,Gene_253,protein_coding,chr11
GENE_000254,Gene_254,protein_coding,chr12
GENE_000255,Gene_255,protein_coding,chr13
GENE_000256,Gene_256,protein_coding,chr14
GENE_000257,Gene_257,protein_coding,chr15
GENE_000258,Gene_258,protein_coding,chr16
GENE_000259,Gene_259,protein_coding,chr17
GENE_000260,Gene_260,protein_coding,chr18
GENE_000261,Gene_261,protein_coding,chr19
GENE_000262,Gene_262,protein_coding,chr20
GENE_000263,Gene_263,protein_coding,chr21
GENE_000264,Gene_264,protein_coding,chr22
GENE_000265,Gene_265,protein_coding,chr1
GENE_000266,Gene_266,protein_coding,chr2
GENE_000267,Gene_267,protein_coding,chr3
GENE_000268,Gene_268,protein_coding,chr4
GENE_000269,Gene_269,protein_coding,chr5
GENE_000270,Gene_270,protein_coding,chr6
GENE_000271,Gene_271,protein_coding,chr7
GENE_000272,Gene_272,protein_coding,chr8
GENE_000273,Gene_273,protein_coding,chr9
GENE_000274,Gene_274,protein_coding,chr10
GENE_000275,Gene_275,protein_coding,chr11
GENE_000276,Gene_276,protein_coding,chr12
GENE_000277,Gene_277,protein_coding,chr13
GENE_000278,Gene_278,protein_coding,chr14
GENE_000279,Gene_279,protein_coding,chr15
GENE_000280,Gene_280,protein_coding,chr16
GENE_000281,Gene_281,protein_coding,chr17
GENE_000282,Gene_282,protein_coding,chr18
GENE_000283,Gene_283,protein_coding,chr19
GENE_000284,Gene_284,protein_coding,chr20
GENE_000285,Gene_285,protein_coding,chr21
GENE_000286,Gene_286,protein_coding,chr22
GENE_000287,Gene_287,protein_coding,chr1
GENE_000288,Gene_288,protein_coding,chr2
GENE_000289,Gene_289,protein_coding,chr3
GENE_000290,Gene_290,protein_coding,chr4
GENE_000291,Gene_291,protein_coding,chr5
GENE_000292,Gene_292,protein_coding,chr6
GENE_000293,Gene_293,protein_coding,chr7
GENE_000294,Gene_294,protein_coding,chr8
GENE_000295,Gene_295,protein_coding,chr9
GENE_000296,Gene_296,protein_coding,chr10
GENE_000297,Gene_297,protein_coding,chr11
GENE_000298,Gene_298,protein_coding,chr12
GENE_000299,Gene_299,protein_coding,chr13
GENE_000300,Gene_300,protein_coding,chr14
GENE_000301,Gene_301,protein_coding,chr15
GENE_000302,Gene_302,protein_coding,chr16
GENE_000303,Gene_303,protein_coding,chr17
GENE_000304,Gene_304,protein_coding,chr18
GENE_000305,Gene_305,protein_coding,chr19
GENE_000306,Gene_306,protein_coding,chr20
GENE_000307,Gene_307,protein_coding,chr21
GENE_000308,Gene_308,protein_coding,chr22
GENE_000309,Gene_309,protein_coding,chr1
GENE_000310,Gene_310,protein_coding,chr2
GENE_000311,Gene_311,protein_coding,chr3
GENE_000312,Gene_312,protein_coding,chr4
GENE_000313,Gene_313,protein_coding,chr5
GENE_000314,Gene_314,protein_coding,chr6
GENE_000315,Gene_315,protein_coding,chr7
GENE_000316,Gene_316,protein_coding,chr8
GENE_000317,Gene_317,protein_coding,chr9
GENE_000318,Gene_318,protein_coding,chr10
GENE_000319,Gene_319,protein_coding,chr11
GENE_000320,Gene_320,protein_coding,chr12
GENE_000321,Gene_321,protein_coding,chr13
GENE_000322,Gene_322,protein_coding,chr14
GENE_000323,Gene_323,protein_coding,chr15
GENE_000324,Gene_324,protein_coding,chr16
GENE_000325,Gene_325,protein_coding,chr17
GENE_000326,Gene_326,protein_coding,chr18
GENE_000327,Gene_327,protein_coding,chr19
GENE_000328,Gene_328,protein_coding,chr20
GENE_000329,Gene_329,protein_coding,chr21
GENE_000330,Gene_330,protein_coding,chr22
GENE_000331,Gene_331,protein_coding,chr1
GENE_000332,Gene_332,protein_coding,chr2
GENE_000333,Gene_333,protein_coding,chr3
GENE_000334,Gene_334,protein_coding,chr4
GENE_000335,Gene_335,protein_coding,chr5
GENE_000336,Gene_336,protein_coding,chr6
GENE_000337,Gene_337,protein_coding,chr7
GENE_000338,Gene_338,protein_coding,chr8
GENE_000339,Gene_339,protein_coding,chr9
GENE_000340,Gene_340,protein_coding,chr10
GENE_000341,Gene_341,protein_coding,chr11
GENE_000342,Gene_342,protein_coding,chr12
GENE_000343,Gene_343,protein_coding,chr13
GENE_000344,Gene_344,protein_coding,chr14
GENE_000345,Gene_345,protein_coding,chr15
GENE_000346,Gene_346,protein_coding,chr16
GENE_000347,Gene_347,protein_coding,chr17
GENE_000348,Gene_348,protein_coding,chr18
GENE_000349,Gene_349,protein_coding,chr19
GENE_000350,Gene_350,protein_coding,chr20
GENE_000351,Gene_351,protein_coding,chr21
GENE_000352,Gene_352,protein_coding,chr22
GENE_000353,Gene_353,protein_coding,chr1
GENE_000354,Gene_354,protein_coding,chr2
GENE_000355,Gene_355,protein_coding,chr3
GENE_000356,Gene_356,protein_coding,chr4
GENE_000357,Gene_357,protein_coding,chr5
GENE_000358,Gene_358,protein_coding,chr6
GENE_000359,Gene_359,protein_coding,chr7
GENE_000360,Gene_360,protein_coding,chr8
GENE_000361,Gene_361,protein_coding,chr9
GENE_000362,Gene_362,protein_coding,chr10
GENE_000363,Gene_363,protein_coding,chr11
GENE_000364,Gene_364,protein_coding,chr12
GENE_000365,Gene_365,protein_coding,chr13
GENE_000366,Gene_366,protein_coding,chr14
GENE_000367,Gene_367,protein_coding,chr15
GENE_000368,Gene_368,protein_coding,chr16
GENE_000369,Gene_369,protein_coding,chr17
GENE_000370,Gene_370,protein_coding,chr18
GENE_000371,Gene_371,protein_coding,chr19
GENE_000372,Gene_372,protein_coding,chr20
GENE_000373,Gene_373,protein_coding,chr21
GENE_000374,Gene_374,protein_coding,chr22
GENE_000375,Gene_375,protein_coding,chr1
GENE_000376,Gene_376,protein_coding,chr2
GENE_000377,Gene_377,protein_coding,chr3
GENE_000378,Gene_378,protein_coding,chr4
GENE_000379,Gene_379,protein_coding,chr5
GENE_000380,Gene_380,protein_coding,chr6
GENE_000381,Gene_381,protein_coding,chr7
GENE_000382,Gene_382,protein_coding,chr8
GENE_000383,Gene_383,protein_coding,chr9
GENE_000384,Gene_384,protein_coding,chr10
GENE_000385,Gene_385,protein_coding,chr11
GENE_000386,Gene_386,protein_coding,chr12
GENE_000387,Gene_387,protein_coding,chr13
GENE_000388,Gene_388,protein_coding,chr14
GENE_000389,Gene_389,protein_coding,chr15
GENE_000390,Gene_390,protein_coding,chr16
GENE_000391,Gene_391,protein_coding,chr17
GENE_000392,Gene_392,protein_coding,chr18
GENE_000393,Gene_393,protein_coding,chr19
GENE_000394,Gene_394,protein_coding,chr20
GENE_000395,Gene_395,protein_coding,chr21
GENE_000396,Gene_396,protein_coding,chr22
GENE_000397,Gene_397,protein_coding,chr1
GENE_000398,Gene_398,protein_coding,chr2
GENE_000399,Gene_399,protein_coding,chr3
GENE_000400,Gene_400,protein_coding,chr4
GENE_000401,Gene_401,protein_coding,chr5
GENE_000402,Gene_402,protein_coding,chr6
GENE_000403,Gene_403,protein_coding,chr7
GENE_000404,Gene_404,protein_coding,chr8
GENE_000405,Gene_405,protein_coding,chr9
GENE_000406,Gene_406,protein_coding,chr10
GENE_000407,Gene_407,protein_coding,chr11
GENE_000408,Gene_408,protein_coding,chr12
GENE_000409,Gene_409,protein_coding,chr13
GENE_000410,Gene_410,protein_coding,chr14
GENE_000411,Gene_411,protein_coding,chr15
GENE_000412,Gene_412,protein_coding,chr16
GENE_000413,Gene_413,protein_coding,chr17
GENE_000414,Gene_414,protein_coding,chr18
GENE_000415,Gene_415,protein_coding,chr19
GENE_000416,Gene_416,protein_coding,chr20
GENE_000417,Gene_417,protein_coding,chr21
GENE_000418,Gene_418,protein_coding,chr22
GENE_000419,Gene_419,protein_coding,chr1
GENE_000420,Gene_420,protein_coding,chr2
GENE_000421,Gene_421,protein_coding,chr3
GENE_000422,Gene_422,protein_coding,chr4
GENE_000423,Gene_423,protein_coding,chr5
GENE_000424,Gene_424,protein_coding,chr6
GENE_000425,Gene_425,protein_coding,chr7
GENE_000426,Gene_426,protein_coding,chr8
GENE_000427,Gene_427,protein_coding,chr9
GENE_000428,Gene_428,protein_coding,chr10
GENE_000429,Gene_429,protein_coding,chr11
GENE_000430,Gene_430,protein_coding,chr12
GENE_000431,Gene_431,protein_coding,chr13
GENE_000432,Gene_432,protein_coding,chr14
GENE_000433,Gene_433,protein_coding,chr15
GENE_000434,Gene_434,protein_coding,chr16
GENE_000435,Gene_435,protein_coding,chr17
GENE_000436,Gene_436,protein_coding,chr18
GENE_000437,Gene_437,protein_coding,chr19
GENE_000438,Gene_438,protein_coding,chr20
GENE_000439,Gene_439,protein_coding,chr21
GENE_000440,Gene_440,protein_coding,chr22
GENE_000441,Gene_441,protein_coding,chr1
GENE_000442,Gene_442,protein_coding,chr2
GENE_000443,Gene_443,protein_coding,chr3
GENE_000444,Gene_444,protein_coding,chr4
GENE_000445,Gene_445,protein_coding,chr5
GENE_000446,Gene_446,protein_coding,chr6
GENE_000447,Gene_447,protein_coding,chr7
GENE_000448,Gene_448,protein_coding,chr8
GENE_000449,Gene_449,protein_coding,chr9
GENE_000450,Gene_450,protein_coding,chr10
GENE_000451,Gene_451,protein_coding,chr11
GENE_000452,Gene_452,protein_coding,chr12
GENE_000453,Gene_453,protein_coding,chr13
GENE_000454,Gene_454,protein_coding,chr14
GENE_000455,Gene_455,protein_coding,chr15
GENE_000456,Gene_456,protein_coding,chr16
GENE_000457,Gene_457,protein_coding,chr17
GENE_000458,Gene_458,protein_coding,chr18
GENE_000459,Gene_459,protein_coding,chr19
GENE_000460,Gene_460,protein_coding,chr20
GENE_000461,Gene_461,protein_coding,chr21
GENE_000462,Gene_462,protein_coding,chr22
GENE_000463,Gene_463,protein_coding,chr1
GENE_000464,Gene_464,protein_coding,chr2
GENE_000465,Gene_465,protein_coding,chr3
GENE_000466,Gene_466,protein_coding,chr4
GENE_000467,Gene_467,protein_coding,chr5
GENE_000468,Gene_468,protein_coding,chr6
GENE_000469,Gene_469,protein_coding,chr7
GENE_000470,Gene_470,protein_coding,chr8
GENE_000471,Gene_471,protein_coding,chr9
GENE_000472,Gene_472,protein_coding,chr10
GENE_000473,Gene_473,protein_coding,chr11
GENE_000474,Gene_474,protein_coding,chr12
GENE_000475,Gene_475,protein_coding,chr13
GENE_000476,Gene_476,protein_coding,chr14
GENE_000477,Gene_477,protein_coding,chr15
GENE_000478,Gene_478,protein_coding,chr16
GENE_000479,Gene_479,protein_coding,chr17
GENE_000480,Gene_480,protein_coding,chr18
GENE_000481,Gene_481,protein_coding,chr19
GENE_000482,Gene_482,protein_coding,chr20
GENE_000483,Gene_483,protein_coding,chr21
GENE_000484,Gene_484,protein_coding,chr22
GENE_000485,Gene_485,protein_coding,chr1
GENE_000486,Gene_486,protein_coding,chr2
GENE_000487,Gene_487,protein_coding,chr3
GENE_000488,Gene_488,protein_coding,chr4
GENE_000489,Gene_489,protein_coding,chr5
GENE_000490,Gene_490,protein_coding,chr6
GENE_000491,Gene_491,protein_coding,chr7
GENE_000492,Gene_492,protein_coding,chr8
GENE_000493,Gene_493,protein_coding,chr9
GENE_000494,Gene_494,protein_coding,chr10
GENE_000495,Gene_495,protein_coding,chr11
GENE_000496,Gene_496,protein_coding,chr12
GENE_000497,Gene_497,protein_coding,chr13
GENE_000498,Gene_498,protein_coding,chr14
GENE_000499,Gene_499,protein_coding,chr15
GENE_000500,Gene_500,protein_coding,chr16
GENE_000501,Gene_501,protein_coding,chr17
GENE_000502,Gene_502,protein_coding,chr18
GENE_000503,Gene_503,protein_coding,chr19
GENE_000504,Gene_504,protein_coding,chr20
GENE_000505,Gene_505,protein_coding,chr21
GENE_000506,Gene_506,protein_coding,chr22
GENE_000507,Gene_507,protein_coding,chr1
GENE_000508,Gene_508,protein_coding,chr2
GENE_000509,Gene_509,protein_coding,chr3
GENE_000510,Gene_510,protein_coding,chr4
GENE_000511,Gene_511,protein_coding,chr5
GENE_000512,Gene_512,protein_coding,chr6
GENE_000513,Gene_513,protein_coding,chr7
GENE_000514,Gene_514,protein_coding,chr8
GENE_000515,Gene_515,protein_coding,chr9
GENE_000516,Gene_516,protein_coding,chr10
GENE_000517,Gene_517,protein_coding,chr11
GENE_000518,Gene_518,protein_coding,chr12
GENE_000519,Gene_519,protein_coding,chr13
GENE_000520,Gene_520,protein_coding,chr14
GENE_000521,Gene_521,protein_coding,chr15
GENE_000522,Gene_522,protein_coding,chr16
GENE_000523,Gene_523,protein_coding,chr17
GENE_000524,Gene_524,protein_coding,chr18
GENE_000525,Gene_525,protein_coding,chr19
GENE_000526,Gene_526,protein_coding,chr20
GENE_000527,Gene_527,protein_coding,chr21
GENE_000528,Gene_528,protein_coding,chr22
GENE_000529,Gene_529,protein_coding,chr1
GENE_000530,Gene_530,protein_coding,chr2
GENE_000531,Gene_531,protein_coding,chr3
GENE_000532,Gene_532,protein_coding,chr4
GENE_000533,Gene_533,protein_coding,chr5
GENE_000534,Gene_534,protein_coding,chr6
GENE_000535,Gene_535,protein_coding,chr7
GENE_000536,Gene_536,protein_coding,chr8
GENE_000537,Gene_537,protein_coding,chr9
GENE_000538,Gene_538,protein_coding,chr10
GENE_000539,Gene_539,protein_coding,chr11
GENE_000540,Gene_540,protein_coding,chr12
GENE_000541,Gene_541,protein_coding,chr13
GENE_000542,Gene_542,protein_coding,chr14
GENE_000543,Gene_543,protein_coding,chr15
GENE_000544,Gene_544,protein_coding,chr16
GENE_000545,Gene_545,protein_coding,chr17
GENE_000546,Gene_546,protein_coding,chr18
GENE_000547,Gene_547,protein_coding,chr19
GENE_000548,Gene_548,protein_coding,chr20
GENE_000549,Gene_549,protein_coding,chr21
GENE_000550,Gene_550,protein_coding,chr22
GENE_000551,Gene_551,protein_coding,chr1
GENE_000552,Gene_552,protein_coding,chr2
GENE_000553,Gene_553,protein_coding,chr3
GENE_000554,Gene_554,protein_coding,chr4
GENE_000555,Gene_555,protein_coding,chr5
GENE_000556,Gene_556,protein_coding,chr6
GENE_000557,Gene_557,protein_coding,chr7
GENE_000558,Gene_558,protein_coding,chr8
GENE_000559,Gene_559,protein_coding,chr9
GENE_000560,Gene_560,protein_coding,chr10
GENE_000561,Gene_561,protein_coding,chr11
GENE_000562,Gene_562,protein_coding,chr12
GENE_000563,Gene_563,protein_coding,chr13
GENE_000564,Gene_564,protein_coding,chr14
GENE_000565,Gene_565,protein_coding,chr15
GENE_000566,Gene_566,protein_coding,chr16
GENE_000567,Gene_567,protein_coding,chr17
GENE_000568,Gene_568,protein_coding,chr18
GENE_000569,Gene_569,protein_coding,chr19
GENE_000570,Gene_570,protein_coding,chr20
GENE_000571,Gene_571,protein_coding,chr21
GENE_000572,Gene_572,protein_coding,chr22
GENE_000573,Gene_573,protein_coding,chr1
GENE_000574,Gene_574,protein_coding,chr2
GENE_000575,Gene_575,protein_coding,chr3
GENE_000576,Gene_576,protein_coding,chr4
GENE_000577,Gene_577,protein_coding,chr5
GENE_000578,Gene_578,protein_coding,chr6
GENE_000579,Gene_579,protein_coding,chr7
GENE_000580,Gene_580,protein_coding,chr8
GENE_000581,Gene_581,protein_coding,chr9
GENE_000582,Gene_582,protein_coding,chr10
GENE_000583,Gene_583,protein_coding,chr11
GENE_000584,Gene_584,protein_coding,chr12
GENE_000585,Gene_585,protein_coding,chr13
GENE_000586,Gene_586,protein_coding,chr14
GENE_000587,Gene_587,protein_coding,chr15
GENE_000588,Gene_588,protein_coding,chr16
GENE_000589,Gene_589,protein_coding,chr17
GENE_000590,Gene_590,protein_coding,chr18
GENE_000591,Gene_591,protein_coding,chr19
GENE_000592,Gene_592,protein_coding,chr20
GENE_000593,Gene_593,protein_coding,chr21
GENE_000594,Gene_594,protein_coding,chr22
GENE_000595,Gene_595,protein_coding,chr1
GENE_000596,Gene_596,protein_coding,chr2
GENE_000597,Gene_597,protein_coding,chr3
GENE_000598,Gene_598,protein_coding,chr4
GENE_000599,Gene_599,protein_coding,chr5
GENE_000600,Gene_600,protein_coding,chr6
GENE_000601,Gene_601,protein_coding,chr7
GENE_000602,Gene_602,protein_coding,chr8
GENE_000603,Gene_603,protein_coding,chr9
GENE_000604,Gene_604,protein_coding,chr10
GENE_000605,Gene_605,protein_coding,chr11
GENE_000606,Gene_606,protein_coding,chr12
GENE_000607,Gene_607,protein_coding,chr13
GENE_000608,Gene_608,protein_coding,chr14
GENE_000609,Gene_609,protein_coding,chr15
GENE_000610,Gene_610,protein_coding,chr16
GENE_000611,Gene_611,protein_coding,chr17
GENE_000612,Gene_612,protein_coding,chr18
GENE_000613,Gene_613,protein_coding,chr19
GENE_000614,Gene_614,protein_coding,chr20
GENE_000615,Gene_615,protein_coding,chr21
GENE_000616,Gene_616,protein_coding,chr22
GENE_000617,Gene_617,protein_coding,chr1
GENE_000618,Gene_618,protein_coding,chr2
GENE_000619,Gene_619,protein_coding,chr3
GENE_000620,Gene_620,protein_coding,chr4
GENE_000621,Gene_621,protein_coding,chr5
GENE_000622,Gene_622,protein_coding,chr6
GENE_000623,Gene_623,protein_coding,chr7
GENE_000624,Gene_624,protein_coding,chr8
GENE_000625,Gene_625,protein_coding,chr9
GENE_000626,Gene_626,protein_coding,chr10
GENE_000627,Gene_627,protein_coding,chr11
GENE_000628,Gene_628,protein_coding,chr12
GENE_000629,Gene_629,protein_coding,chr13
GENE_000630,Gene_630,protein_coding,chr14
GENE_000631,Gene_631,protein_coding,chr15
GENE_000632,Gene_632,protein_coding,chr16
GENE_000633,Gene_633,protein_coding,chr17
GENE_000634,Gene_634,protein_coding,chr18
GENE_000635,Gene_635,protein_coding,chr19
GENE_000636,Gene_636,protein_coding,chr20
GENE_000637,Gene_637,protein_coding,chr21
GENE_000638,Gene_638,protein_coding,chr22
GENE_000639,Gene_639,protein_coding,chr1
GENE_000640,Gene_640,protein_coding,chr2
GENE_000641,Gene_641,protein_coding,chr3
GENE_000642,Gene_642,protein_coding,chr4
GENE_000643,Gene_643,protein_coding,chr5
GENE_000644,Gene_644,protein_coding,chr6
GENE_000645,Gene_645,protein_coding,chr7
GENE_000646,Gene_646,protein_coding,chr8
GENE_000647,Gene_647,protein_coding,chr9
GENE_000648,Gene_648,protein_coding,chr10
GENE_000649,Gene_649,protein_coding,chr11
GENE_000650,Gene_650,protein_coding,chr12
GENE_000651,Gene_651,protein_coding,chr13
GENE_000652,Gene_652,protein_coding,chr14
GENE_000653,Gene_653,protein_coding,chr15
GENE_000654,Gene_654,protein_coding,chr16
GENE_000655,Gene_655,protein_coding,chr17
GENE_000656,Gene_656,protein_coding,chr18
GENE_000657,Gene_657,protein_coding,chr19
GENE_000658,Gene_658,protein_coding,chr20
GENE_000659,Gene_659,protein_coding,chr21
GENE_000660,Gene_660,protein_coding,chr22
GENE_000661,Gene_661,protein_coding,chr1
GENE_000662,Gene_662,protein_coding,chr2
GENE_000663,Gene_663,protein_coding,chr3
GENE_000664,Gene_664,protein_coding,chr4
GENE_000665,Gene_665,protein_coding,chr5
GENE_000666,Gene_666,protein_coding,chr6
GENE_000667,Gene_667,protein_coding,chr7
GENE_000668,Gene_668,protein_coding,chr8
GENE_000669,Gene_669,protein_coding,chr9
GENE_000670,Gene_670,protein_coding,chr10
GENE_000671,Gene_671,protein_coding,chr11
GENE_000672,Gene_672,protein_coding,chr12
GENE_000673,Gene_673,protein_coding,chr13
GENE_000674,Gene_674,protein_coding,chr14
GENE_000675,Gene_675,protein_coding,chr15
GENE_000676,Gene_676,protein_coding,chr16
GENE_000677,Gene_677,protein_coding,chr17
GENE_000678,Gene_678,protein_coding,chr18
GENE_000679,Gene_679,protein_coding,chr19
GENE_000680,Gene_680,protein_coding,chr20
GENE_000681,Gene_681,protein_coding,chr21
GENE_000682,Gene_682,protein_coding,chr22
GENE_000683,Gene_683,protein_coding,chr1
GENE_000684,Gene_684,protein_coding,chr2
GENE_000685,Gene_685,protein_coding,chr3
GENE_000686,Gene_686,protein_coding,chr4
GENE_000687,Gene_687,protein_coding,chr5
GENE_000688,Gene_688,protein_coding,chr6
GENE_000689,Gene_689,protein_coding,chr7
GENE_000690,Gene_690,protein_coding,chr8
GENE_000691,Gene_691,protein_coding,chr9
GENE_000692,Gene_692,protein_coding,chr10
GENE_000693,Gene_693,protein_coding,chr11
GENE_000694,Gene_694,protein_coding,chr12
GENE_000695,Gene_695,protein_coding,chr13
GENE_000696,Gene_696,protein_coding,chr14
GENE_000697,Gene_697,protein_coding,chr15
GENE_000698,Gene_698,protein_coding,chr16
GENE_000699,Gene_699,protein_coding,chr17
GENE_000700,Gene_700,protein_coding,chr18
GENE_000701,Gene_701,protein_coding,chr19
GENE_000702,Gene_702,protein_coding,chr20
GENE_000703,Gene_703,protein_coding,chr21
GENE_000704,Gene_704,protein_coding,chr22
GENE_000705,Gene_705,protein_coding,chr1
GENE_000706,Gene_706,protein_coding,chr2
GENE_000707,Gene_707,protein_coding,chr3
GENE_000708,Gene_708,protein_coding,chr4
GENE_000709,Gene_709,protein_coding,chr5
GENE_000710,Gene_710,protein_coding,chr6
GENE_000711,Gene_711,protein_coding,chr7
GENE_000712,Gene_712,protein_coding,chr8
GENE_000713,Gene_713,protein_coding,chr9
GENE_000714,Gene_714,protein_coding,chr10
GENE_000715,Gene_715,protein_coding,chr11
GENE_000716,Gene_716,protein_coding,chr12
GENE_000717,Gene_717,protein_coding,chr13
GENE_000718,Gene_718,protein_coding,chr14
GENE_000719,Gene_719,protein_coding,chr15
GENE_000720,Gene_720,protein_coding,chr16
GENE_000721,Gene_721,protein_coding,chr17
GENE_000722,Gene_722,protein_coding,chr18
GENE_000723,Gene_723,protein_coding,chr19
GENE_000724,Gene_724,protein_coding,chr20
GENE_000725,Gene_725,protein_coding,chr21
GENE_000726,Gene_726,protein_coding,chr22
GENE_000727,Gene_727,protein_coding,chr1
GENE_000728,Gene_728,protein_coding,chr2
GENE_000729,Gene_729,protein_coding,chr3
GENE_000730,Gene_730,protein_coding,chr4
GENE_000731,Gene_731,protein_coding,chr5
GENE_000732,Gene_732,protein_coding,chr6
GENE_000733,Gene_733,protein_coding,chr7
GENE_000734,Gene_734,protein_coding,chr8
GENE_000735,Gene_735,protein_coding,chr9
GENE_000736,Gene_736,protein_coding,chr10
GENE_000737,Gene_737,protein_coding,chr11
GENE_000738,Gene_738,protein_coding,chr12
GENE_000739,Gene_739,protein_coding,chr13
GENE_000740,Gene_740,protein_coding,chr14
GENE_000741,Gene_741,protein_coding,chr15
GENE_000742,Gene_742,protein_coding,chr16
GENE_000743,Gene_743,protein_coding,chr17
GENE_000744,Gene_744,protein_coding,chr18
GENE_000745,Gene_745,protein_coding,chr19
GENE_000746,Gene_746,protein_coding,chr20
GENE_000747,Gene_747,protein_coding,chr21
GENE_000748,Gene_748,protein_coding,chr22
GENE_000749,Gene_749,protein_coding,chr1
GENE_000750,Gene_750,protein_coding,chr2
GENE_000751,Gene_751,protein_coding,chr3
GENE_000752,Gene_752,protein_coding,chr4
GENE_000753,Gene_753,protein_coding,chr5
GENE_000754,Gene_754,protein_coding,chr6
GENE_000755,Gene_755,protein_coding,chr7
GENE_000756,Gene_756,protein_coding,chr8
GENE_000757,Gene_757,protein_coding,chr9
GENE_000758,Gene_758,protein_coding,chr10
GENE_000759,Gene_759,protein_coding,chr11
GENE_000760,Gene_760,protein_coding,chr12
GENE_000761,Gene_761,protein_coding,chr13
GENE_000762,Gene_762,protein_coding,chr14
GENE_000763,Gene_763,protein_coding,chr15
GENE_000764,Gene_764,protein_coding,chr16
GENE_000765,Gene_765,protein_coding,chr17
GENE_000766,Gene_766,protein_coding,chr18
GENE_000767,Gene_767,protein_coding,chr19
GENE_000768,Gene_768,protein_coding,chr20
GENE_000769,Gene_769,protein_coding,chr21
GENE_000770,Gene_770,protein_coding,chr22
GENE_000771,Gene_771,protein_coding,chr1
GENE_000772,Gene_772,protein_coding,chr2
GENE_000773,Gene_773,protein_coding,chr3
GENE_000774,Gene_774,protein_coding,chr4
GENE_000775,Gene_775,protein_coding,chr5
GENE_000776,Gene_776,protein_coding,chr6
GENE_000777,Gene_777,protein_coding,chr7
GENE_000778,Gene_778,protein_coding,chr8
GENE_000779,Gene_779,protein_coding,chr9
GENE_000780,Gene_780,protein_coding,chr10
GENE_000781,Gene_781,protein_coding,chr11
GENE_000782,Gene_782,protein_coding,chr12
GENE_000783,Gene_783,protein_coding,chr13
GENE_000784,Gene_784,protein_coding,chr14
GENE_000785,Gene_785,protein_coding,chr15
GENE_000786,Gene_786,protein_coding,chr16
GENE_000787,Gene_787,protein_coding,chr17
GENE_000788,Gene_788,protein_coding,chr18
GENE_000789,Gene_789,protein_coding,chr19
GENE_000790,Gene_790,protein_coding,chr20
GENE_000791,Gene_791,protein_coding,chr21
GENE_000792,Gene_792,protein_coding,chr22
GENE_000793,Gene_793,protein_coding,chr1
GENE_000794,Gene_794,protein_coding,chr2
GENE_000795,Gene_795,protein_coding,chr3
GENE_000796,Gene_796,protein_coding,chr4
GENE_000797,Gene_797,protein_coding,chr5
GENE_000798,Gene_798,protein_coding,chr6
GENE_000799,Gene_799,protein_coding,chr7
GENE_000800,Gene_800,protein_coding,chr8
GENE_000801,Gene_801,protein_coding,chr9
GENE_000802,Gene_802,protein_coding,chr10
GENE_000803,Gene_803,protein_coding,chr11
GENE_000804,Gene_804,protein_coding,chr12
GENE_000805,Gene_805,protein_coding,chr13
