rna_seq_gene,gold_standard_gene
CELL_0001,G1
CELL_0003,G2
CELL_0004,G3
CELL_0005,G4
CELL_0006,G5
CELL_0013,G6
CELL_0016,G7
CELL_0017,G8
CELL_0018,G9
CELL_0019,G10
CELL_0023,G11
CELL_0024,G12
CELL_0026,G13
CELL_0027,G14
CELL_0029,G15
CELL_0031,G16
CELL_0036,G17
CELL_0037,G18
CELL_0045,G19
CELL_0048,G20
CELL_0053,G21
CELL_0054,G22
CELL_0055,G23
CELL_0056,G24
CELL_0060,G25
CELL_0067,G26
CELL_0069,G27
CELL_0072,G28
CELL_0073,G29
CELL_0075,G30
CELL_0077,G31
CELL_0078,G32
CELL_0079,G33
CELL_0084,G34
CELL_0086,G35
CELL_0087,G36
CELL_0089,G37
CELL_0090,G38
CELL_0091,G39
CELL_0093,G40
CELL_0094,G41
CELL_0095,G42
CELL_0102,G43
CELL_0104,G44
CELL_0105,G45
CELL_0106,G46
CELL_0108,G47
CELL_0110,G48
CELL_0113,G49
CELL_0116,G50
CELL_0120,G51
CELL_0122,G52
CELL_0124,G53
CELL_0129,G54
CELL_0130,G55
CELL_0132,G56
CELL_0136,G57
CELL_0139,G58
CELL_0140,G59
CELL_0141,G60
CELL_0145,G61
CELL_0150,G62
CELL_0152,G63
CELL_0154,G64
CELL_0155,G65
CELL_0156,G66
CELL_0161,G67
CELL_0162,G68
CELL_0163,G69
CELL_0165,G70
CELL_0167,G71
CELL_0168,G72
CELL_0169,G73
CELL_0171,G74
CELL_0172,G75
CELL_0175,G76
CELL_0177,G77
CELL_0179,G78
CELL_0181,G79
CELL_0183,G80
CELL_0187,G81
CELL_0188,G82
CELL_0191,G83
CELL_0193,G84
CELL_0194,G85
CELL_0197,G86
CELL_0199,G87
CELL_0200,G88
CELL_0202,G89
CELL_0203,G90
CELL_0205,G91
CELL_0206,G92
CELL_0209,G93
CELL_0213,G94
CELL_0214,G95
CELL_0216,G96
CELL_0217,G97
CELL_0218,G98
CELL_0219,G99
CELL_0222,G100
CELL_0228,G101
CELL_0231,G102
CELL_0233,G103
CELL_0236,G104
CELL_0237,G105
CELL_0238,G106
CELL_0242,G107
CELL_0243,G108
CELL_0244,G109
CELL_0246,G110
CELL_0254,G111
CELL_0259,G112
CELL_0260,G113
CELL_0261,G114
CELL_0263,G115
CELL_0264,G116
CELL_0270,G117
CELL_0271,G118
CELL_0273,G119
CELL_0274,G120
CELL_0276,G121
CELL_0278,G122
CELL_0280,G123
CELL_0284,G124
CELL_0287,G125
CELL_0291,G126
CELL_0292,G127
CELL_0293,G128
CELL_0294,G129
CELL_0298,G130
CELL_0299,G131
CELL_0301,G132
CELL_0302,G133
CELL_0305,G134
CELL_0306,G135
CELL_0308,G136
CELL_0310,G137
CELL_0315,G138
CELL_0318,G139
CELL_0321,G140
CELL_0325,G141
CELL_0326,G142
CELL_0327,G143
CELL_0329,G144
CELL_0331,G145
CELL_0332,G146
CELL_0333,G147
CELL_0336,G148
CELL_0337,G149
CELL_0338,G150
CELL_0339,G151
CELL_0340,G152
CELL_0341,G153
CELL_0342,G154
CELL_0343,G155
CELL_0346,G156
CELL_0348,G157
CELL_0349,G158
CELL_0353,G159
CELL_0361,G160
CELL_0363,G161
CELL_0364,G162
CELL_0365,G163
CELL_0366,G164
CELL_0368,G165
CELL_0369,G166
CELL_0370,G167
CELL_0372,G168
CELL_0375,G169
CELL_0376,G170
CELL_0378,G171
CELL_0380,G172
CELL_0382,G173
CELL_0384,G174
CELL_0385,G175
CELL_0386,G176
CELL_0387,G177
CELL_0390,G178
CELL_0391,G179
CELL_0392,G180
CELL_0393,G181
CELL_0394,G182
CELL_0395,G183
CELL_0396,G184
CELL_0397,G185
CELL_0398,G186
CELL_0399,G187
CELL_0400,G188
CELL_0401,G189
CELL_0402,G190
CELL_0403,G191
CELL_0405,G192
CELL_0406,G193
CELL_0407,G194
CELL_0408,G195
CELL_0409,G196
CELL_0410,G197
CELL_0411,G198
CELL_0412,G199
CELL_0413,G200
CELL_0415,G201
CELL_0416,G202
CELL_0417,G203
CELL_0418,G204
CELL_0420,G205
CELL_0422,G206
CELL_0423,G207
CELL_0424,G208
CELL_0425,G209
CELL_0426,G210
CELL_0427,G211
CELL_0428,G212
CELL_0429,G213
CELL_0430,G214
CELL_0431,G215
CELL_0433,G216
CELL_0434,G217
CELL_0435,G218
CELL_0437,G219
CELL_0438,G220
CELL_0439,G221
CELL_0440,G222
CELL_0441,G223
CELL_0442,G224
CELL_0443,G225
CELL_0444,G226
CELL_0446,G227
CELL_0448,G228
CELL_0449,G229
CELL_0450,G230
CELL_0451,G231
CELL_0452,G232
CELL_0453,G233
CELL_0455,G234
CELL_0458,G235
CELL_0459,G236
CELL_0461,G237
CELL_0464,G238
CELL_0465,G239
CELL_0466,G240
CELL_0468,G241
CELL_0469,G242
CELL_0470,G243
CELL_0471,G244
CELL_0472,G245
CELL_0473,G246
CELL_0474,G247
CELL_0477,G248
CELL_0478,G249
CELL_0479,G250
CELL_0480,G251
CELL_0481,G252
CELL_0482,G253
CELL_0484,G254
CELL_0485,G255
CELL_0486,G256
CELL_0488,G257
CELL_0489,G258
CELL_0490,G259
CELL_0491,G260
CELL_0492,G261
CELL_0493,G262
CELL_0495,G263
CELL_0496,G264
CELL_0497,G265
CELL_0499,G266
CELL_0500,G267
CELL_0501,G268
CELL_0502,G269
CELL_0503,G270
CELL_0505,G271
CELL_0508,G272
CELL_0511,G273
CELL_0512,G274
CELL_0513,G275
CELL_0514,G276
CELL_0515,G277
CELL_0516,G278
CELL_0517,G279
CELL_0519,G280
CELL_0520,G281
CELL_0521,G282
CELL_0522,G283
CELL_0524,G284
CELL_0525,G285
CELL_0526,G286
CELL_0527,G287
CELL_0529,G288
CELL_0532,G289
CELL_0533,G290
CELL_0534,G291
CELL_0535,G292
CELL_0537,G293
CELL_0538,G294
CELL_0539,G295
CELL_0540,G296
CELL_0544,G297
CELL_0545,G298
CELL_0548,G299
CELL_0550,G300
CELL_0551,G301
CELL_0553,G302
CELL_0556,G303
CELL_0558,G304
CELL_0560,G305
CELL_0562,G306
CELL_0563,G307
CELL_0564,G308
CELL_0566,G309
CELL_0567,G310
CELL_0568,G311
CELL_0569,G312
CELL_0570,G313
CELL_0574,G314
CELL_0575,G315
CELL_0578,G316
CELL_0579,G317
CELL_0580,G318
CELL_0581,G319
CELL_0582,G320
CELL_0583,G321
CELL_0584,G322
CELL_0585,G323
CELL_0586,G324
CELL_0588,G325
CELL_0590,G326
CELL_0592,G327
CELL_0593,G328
CELL_0595,G329
CELL_0597,G330
CELL_0598,G331
CELL_0599,G332
CELL_0600,G333
CELL_0601,G334
CELL_0603,G335
CELL_0604,G336
CELL_0606,G337
CELL_0608,G338
CELL_0610,G339
CELL_0611,G340
CELL_0614,G341
CELL_0616,G342
CELL_0618,G343
CELL_0619,G344
CELL_0621,G345
CELL_0622,G346
CELL_0623,G347
CELL_0625,G348
CELL_0627,G349
CELL_0628,G350
CELL_0629,G351
CELL_0630,G352
CELL_0635,G353
CELL_0636,G354
CELL_0639,G355
CELL_0640,G356
CELL_0641,G357
CELL_0646,G358
CELL_0647,G359
CELL_0650,G360
CELL_0652,G361
CELL_0654,G362
CELL_0656,G363
CELL_0657,G364
CELL_0659,G365
CELL_0662,G366
CELL_0664,G367
CELL_0666,G368
CELL_0668,G369
CELL_0671,G370
CELL_0672,G371
CELL_0673,G372
CELL_0674,G373
CELL_0675,G374
CELL_0676,G375
CELL_0677,G376
CELL_0678,G377
CELL_0679,G378
CELL_0682,G379
CELL_0684,G380
CELL_0685,G381
CELL_0686,G382
CELL_0688,G383
CELL_0689,G384
CELL_0690,G385
CELL_0692,G386
CELL_0694,G387
CELL_0695,G388
CELL_0696,G389
CELL_0697,G390
CELL_0698,G391
CELL_0699,G392
CELL_0700,G393
CELL_0702,G394
CELL_0704,G395
CELL_0705,G396
CELL_0708,G397
CELL_0710,G398
CELL_0712,G399
CELL_0713,G400
CELL_0714,G401
CELL_0716,G402
CELL_0719,G403
CELL_0720,G404
CELL_0724,G405
CELL_0729,G406
CELL_0730,G407
CELL_0731,G408
CELL_0732,G409
CELL_0733,G410
CELL_0734,G411
CELL_0736,G412
CELL_0738,G413
CELL_0739,G414
CELL_0740,G415
CELL_0741,G416
CELL_0742,G417
CELL_0743,G418
CELL_0744,G419
CELL_0749,G420
CELL_0751,G421
CELL_0752,G422
CELL_0753,G423
CELL_0754,G424
CELL_0755,G425
CELL_0758,G426
CELL_0760,G427
CELL_0761,G428
CELL_0762,G429
CELL_0763,G430
CELL_0765,G431
CELL_0768,G432
CELL_0770,G433
CELL_0771,G434
CELL_0772,G435
CELL_0774,G436
CELL_0775,G437
CELL_0776,G438
CELL_0778,G439
CELL_0780,G440
CELL_0782,G441
CELL_0784,G442
CELL_0785,G443
CELL_0788,G444
CELL_0791,G445
CELL_0792,G446
CELL_0794,G447
CELL_0795,G448
CELL_0796,G449
CELL_0797,G450
CELL_0798,G451
CELL_0799,G452
CELL_0800,G453
CELL_0801,G454
CELL_0802,G455
CELL_0804,G456
CELL_0805,G457
CELL_0806,G458
CELL_0807,G459
CELL_0808,G460
CELL_0809,G461
CELL_0810,G462
CELL_0813,G463
CELL_0814,G464
CELL_0816,G465
CELL_0817,G466
CELL_0818,G467
CELL_0819,G468
CELL_0820,G469
CELL_0821,G470
CELL_0822,G471
CELL_0823,G472
CELL_0824,G473
CELL_0825,G474
CELL_0826,G475
CELL_0827,G476
CELL_0828,G477
CELL_0829,G478
CELL_0830,G479
CELL_0833,G480
CELL_0834,G481
CELL_0835,G482
CELL_0836,G483
CELL_0837,G484
CELL_0839,G485
CELL_0840,G486
CELL_0841,G487
CELL_0843,G488
CELL_0844,G489
CELL_0845,G490
CELL_0846,G491
CELL_0849,G492
CELL_0850,G493
CELL_0851,G494
CELL_0853,G495
CELL_0855,G496
CELL_0856,G497
CELL_0857,G498
CELL_0858,G499
CELL_0862,G500
CELL_0863,G501
CELL_0864,G502
CELL_0865,G503
CELL_0866,G504
CELL_0869,G505
CELL_0870,G506
CELL_0871,G507
CELL_0872,G508
CELL_0874,G509
CELL_0876,G510
CELL_0877,G511
CELL_0879,G512
CELL_0880,G513
CELL_0882,G514
CELL_0883,G515
CELL_0884,G516
CELL_0885,G517
CELL_0886,G518
CELL_0887,G519
CELL_0888,G520
CELL_0890,G521
CELL_0891,G522
CELL_0892,G523
CELL_0894,G524
CELL_0896,G525
CELL_0897,G526
CELL_0898,G527
CELL_0899,G528
CELL_0900,G529
CELL_0903,G530
CELL_0906,G531
CELL_0907,G532
CELL_0909,G533
CELL_0911,G534
CELL_0913,G535
CELL_0914,G536
CELL_0915,G537
CELL_0916,G538
CELL_0918,G539
CELL_0919,G540
CELL_0920,G541
CELL_0921,G542
CELL_0924,G543
CELL_0925,G544
CELL_0927,G545
CELL_0928,G546
CELL_0929,G547
CELL_0931,G548
CELL_0932,G549
CELL_0933,G550
CELL_0934,G551
CELL_0936,G552
CELL_0942,G553
CELL_0943,G554
CELL_0945,G555
CELL_0947,G556
CELL_0949,G557
CELL_0951,G558
CELL_0952,G559
CELL_0953,G560
CELL_0958,G561
CELL_0959,G562
CELL_0960,G563
CELL_0964,G564
CELL_0965,G565
CELL_0969,G566
CELL_0970,G567
CELL_0971,G568
CELL_0972,G569
CELL_0974,G570
CELL_0975,G571
CELL_0977,G572
CELL_0978,G573
CELL_0979,G574
CELL_0980,G575
CELL_0981,G576
CELL_0982,G577
CELL_0983,G578
CELL_0985,G579
CELL_0986,G580
CELL_0987,G581
CELL_0988,G582
CELL_0989,G583
CELL_0990,G584
CELL_0991,G585
CELL_0992,G586
CELL_0993,G587
CELL_0995,G588
CELL_0996,G589
CELL_0997,G590
CELL_0998,G591
CELL_0999,G592
CELL_1000,G593
CELL_1002,G594
CELL_1003,G595
CELL_1004,G596
CELL_1005,G597
CELL_1006,G598
CELL_1008,G599
CELL_1009,G600
CELL_1010,G601
CELL_1012,G602
CELL_1015,G603
CELL_1016,G604
CELL_1017,G605
CELL_1018,G606
CELL_1019,G607
CELL_1020,G608
CELL_1022,G609
CELL_1023,G610
CELL_1024,G611
CELL_1025,G612
CELL_1027,G613
CELL_1028,G614
CELL_1029,G615
CELL_1030,G616
CELL_1032,G617
CELL_1033,G618
CELL_1034,G619
CELL_1035,G620
CELL_1036,G621
CELL_1038,G622
CELL_1040,G623
CELL_1044,G624
CELL_1045,G625
CELL_1046,G626
CELL_1047,G627
CELL_1048,G628
CELL_1049,G629
CELL_1050,G630
CELL_1051,G631
CELL_1052,G632
CELL_1053,G633
CELL_1054,G634
CELL_1055,G635
CELL_1057,G636
CELL_1059,G637
CELL_1060,G638
CELL_1061,G639
CELL_1062,G640
CELL_1063,G641
CELL_1065,G642
CELL_1068,G643
CELL_1069,G644
CELL_1070,G645
CELL_1071,G646
CELL_1073,G647
CELL_1074,G648
CELL_1077,G649
CELL_1079,G650
CELL_1080,G651
CELL_1081,G652
CELL_1084,G653
CELL_1085,G654
CELL_1086,G655
CELL_1087,G656
CELL_1089,G657
CELL_1090,G658
CELL_1091,G659
CELL_1092,G660
CELL_1093,G661
CELL_1095,G662
CELL_1099,G663
CELL_1101,G664
CELL_1102,G665
CELL_1103,G666
CELL_1104,G667
CELL_1105,G668
CELL_1106,G669
CELL_1107,G670
CELL_1108,G671
CELL_1110,G672
CELL_1111,G673
CELL_1113,G674
CELL_1114,G675
CELL_1116,G676
CELL_1117,G677
CELL_1119,G678
CELL_1120,G679
CELL_1121,G680
CELL_1122,G681
CELL_1124,G682
CELL_1125,G683
CELL_1126,G684
CELL_1127,G685
CELL_1128,G686
CELL_1129,G687
CELL_1131,G688
CELL_1133,G689
CELL_1134,G690
CELL_1135,G691
CELL_1137,G692
CELL_1138,G693
CELL_1140,G694
CELL_1142,G695
CELL_1143,G696
CELL_1144,G697
CELL_1145,G698
CELL_1146,G699
CELL_1147,G700
CELL_1149,G701
CELL_1151,G702
CELL_1154,G703
CELL_1157,G704
CELL_1158,G705
CELL_1160,G706
CELL_1161,G707
CELL_1163,G708
CELL_1164,G709
CELL_1165,G710
CELL_1167,G711
CELL_1169,G712
CELL_1170,G713
CELL_1172,G714
CELL_1173,G715
CELL_1175,G716
CELL_1177,G717
CELL_1179,G718
CELL_1180,G719
CELL_1181,G720
CELL_1182,G721
CELL_1184,G722
CELL_1185,G723
CELL_1188,G724
CELL_1189,G725
CELL_1190,G726
CELL_1191,G727
CELL_1192,G728
CELL_1193,G729
CELL_1194,G730
CELL_1195,G731
CELL_1196,G732
CELL_1198,G733
CELL_1199,G734
CELL_1200,G735
CELL_1201,G736
CELL_1202,G737
CELL_1203,G738
CELL_1204,G739
CELL_1205,G740
CELL_1206,G741
CELL_1207,G742
CELL_1208,G743
CELL_1209,G744
CELL_1212,G745
CELL_1215,G746
CELL_1217,G747
CELL_1218,G748
CELL_1219,G749
CELL_1220,G750
CELL_1221,G751
CELL_1222,G752
CELL_1223,G753
CELL_1224,G754
CELL_1227,G755
CELL_1228,G756
CELL_1229,G757
CELL_1234,G758
CELL_1236,G759
CELL_1237,G760
CELL_1239,G761
CELL_1245,G762
CELL_1246,G763
CELL_1248,G764
CELL_1249,G765
CELL_1251,G766
CELL_1252,G767
CELL_1253,G768
CELL_1255,G769
CELL_1256,G770
CELL_1257,G771
CELL_1260,G772
CELL_1263,G773
CELL_1265,G774
CELL_1266,G775
CELL_1269,G776
CELL_1270,G777
CELL_1271,G778
CELL_1273,G779
CELL_1275,G780
CELL_1277,G781
CELL_1278,G782
CELL_1280,G783
CELL_1281,G784
CELL_1282,G785
CELL_1283,G786
CELL_1284,G787
CELL_1290,G788
CELL_1291,G789
CELL_1292,G790
CELL_1293,G791
CELL_1294,G792
CELL_1295,G793
CELL_1297,G794
CELL_1298,G795
CELL_1301,G796
CELL_1304,G797
CELL_1305,G798
CELL_1306,G799
CELL_1308,G800
CELL_1310,G801
CELL_1311,G802
CELL_1312,G803
CELL_1313,G804
CELL_1314,G805
CELL_1315,G806
CELL_1316,G807
CELL_1317,G808
CELL_1318,G809
CELL_1321,G810
CELL_1322,G811
CELL_1323,G812
CELL_1324,G813
CELL_1325,G814
CELL_1326,G815
CELL_1327,G816
CELL_1328,G817
CELL_1329,G818
CELL_1330,G819
CELL_1331,G820
CELL_1332,G821
CELL_1334,G822
CELL_1335,G823
CELL_1336,G824
CELL_1338,G825
CELL_1339,G826
CELL_1341,G827
CELL_1343,G828
CELL_1346,G829
CELL_1348,G830
CELL_1349,G831
CELL_1350,G832
CELL_1351,G833
CELL_1352,G834
CELL_1354,G835
CELL_1355,G836
CELL_1357,G837
CELL_1359,G838
CELL_1360,G839
CELL_1363,G840
CELL_1365,G841
CELL_1367,G842
CELL_1368,G843
CELL_1369,G844
CELL_1370,G845
CELL_1371,G846
CELL_1372,G847
CELL_1373,G848
CELL_1375,G849
CELL_1377,G850
CELL_1378,G851
CELL_1379,G852
CELL_1380,G853
CELL_1384,G854
CELL_1385,G855
CELL_1387,G856
CELL_1390,G857
CELL_1391,G858
CELL_1394,G859
CELL_1395,G860
CELL_1396,G861
CELL_1398,G862
CELL_1400,G863
CELL_1401,G864
CELL_1404,G865
CELL_1405,G866
CELL_1406,G867
CELL_1408,G868
CELL_1410,G869
CELL_1411,G870
CELL_1412,G871
CELL_1413,G872
CELL_1415,G873
CELL_1420,G874
CELL_1421,G875
CELL_1422,G876
CELL_1423,G877
CELL_1424,G878
CELL_1429,G879
CELL_1430,G880
CELL_1432,G881
CELL_1433,G882
CELL_1434,G883
CELL_1436,G884
CELL_1439,G885
CELL_1440,G886
CELL_1441,G887
CELL_1442,G888
CELL_1443,G889
CELL_1445,G890
CELL_1446,G891
CELL_1447,G892
CELL_1448,G893
CELL_1451,G894
CELL_1454,G895
CELL_1457,G896
CELL_1458,G897
CELL_1459,G898
CELL_1460,G899
CELL_1461,G900
CELL_1462,G901
CELL_1463,G902
CELL_1464,G903
CELL_1465,G904
CELL_1466,G905
CELL_1467,G906
CELL_1468,G907
CELL_1469,G908
CELL_1471,G909
CELL_1473,G910
CELL_1474,G911
CELL_1475,G912
CELL_1476,G913
CELL_1477,G914
CELL_1478,G915
CELL_1479,G916
CELL_1480,G917
CELL_1481,G918
CELL_1483,G919
CELL_1484,G920
CELL_1485,G921
CELL_1486,G922
CELL_1487,G923
CELL_1491,G924
CELL_1492,G925
CELL_1493,G926
CELL_1494,G927
CELL_1496,G928
CELL_1497,G929
CELL_1498,G930
CELL_1500,G931
CELL_1501,G932
CELL_1502,G933
CELL_1503,G934
CELL_1504,G935
CELL_1505,G936
CELL_1508,G937
CELL_1510,G938
CELL_1511,G939
CELL_1515,G940
CELL_1520,G941
CELL_1521,G942
CELL_1522,G943
CELL_1523,G944
CELL_1525,G945
CELL_1527,G946
CELL_1529,G947
CELL_1530,G948
CELL_1532,G949
CELL_1533,G950
CELL_1535,G951
CELL_1536,G952
CELL_1537,G953
CELL_1539,G954
CELL_1540,G955
CELL_1541,G956
CELL_1543,G957
CELL_1544,G958
CELL_1545,G959
CELL_1546,G960
CELL_1549,G961
CELL_1553,G962
CELL_1559,G963
CELL_1560,G964
CELL_1561,G965
CELL_1563,G966
CELL_1565,G967
CELL_1566,G968
CELL_1568,G969
CELL_1570,G970
CELL_1571,G971
CELL_1572,G972
CELL_1573,G973
CELL_1574,G974
CELL_1575,G975
CELL_1576,G976
CELL_1577,G977
CELL_1578,G978
CELL_1579,G979
CELL_1580,G980
CELL_1581,G981
CELL_1582,G982
CELL_1583,G983
CELL_1584,G984
CELL_1585,G985
CELL_1586,G986
CELL_1587,G987
CELL_1588,G988
CELL_1589,G989
CELL_1590,G990
CELL_1591,G991
CELL_1595,G992
CELL_1598,G993
CELL_1599,G994
CELL_1601,G995
CELL_1602,G996
CELL_1603,G997
CELL_1604,G998
CELL_1606,G999
CELL_1608,G1000
CELL_1609,G1001
CELL_1612,G1002
CELL_1613,G1003
CELL_1614,G1004
CELL_1615,G1005
CELL_1616,G1006
CELL_1617,G1007
CELL_1619,G1008
CELL_1620,G1009
CELL_1621,G1010
CELL_1622,G1011
CELL_1623,G1012
CELL_1624,G1013
CELL_1626,G1014
CELL_1628,G1015
CELL_1630,G1016
CELL_1631,G1017
CELL_1632,G1018
CELL_1633,G1019
CELL_1635,G1020
CELL_1636,G1021
CELL_1638,G1022
CELL_1639,G1023
CELL_1641,G1024
CELL_1645,G1025
CELL_1647,G1026
CELL_1651,G1027
CELL_1652,G1028
CELL_1653,G1029
CELL_1654,G1030
CELL_1656,G1031
CELL_1657,G1032
CELL_1658,G1033
CELL_1659,G1034
CELL_1661,G1035
CELL_1663,G1036
CELL_1664,G1037
CELL_1665,G1038
CELL_1668,G1039
CELL_1672,G1040
CELL_1675,G1041
CELL_1676,G1042
CELL_1677,G1043
CELL_1679,G1044
CELL_1680,G1045
CELL_1681,G1046
CELL_1682,G1047
CELL_1686,G1048
CELL_1687,G1049
CELL_1688,G1050
CELL_1689,G1051
CELL_1690,G1052
CELL_1692,G1053
CELL_1693,G1054
CELL_1694,G1055
CELL_1695,G1056
CELL_1696,G1057
CELL_1698,G1058
CELL_1700,G1059
CELL_1701,G1060
CELL_1702,G1061
CELL_1704,G1062
CELL_1705,G1063
CELL_1706,G1064
CELL_1707,G1065
CELL_1712,G1066
CELL_1713,G1067
CELL_1714,G1068
CELL_1715,G1069
CELL_1716,G1070
CELL_1718,G1071
CELL_1719,G1072
CELL_1721,G1073
CELL_1727,G1074
CELL_1729,G1075
CELL_1730,G1076
CELL_1731,G1077
CELL_1733,G1078
CELL_1734,G1079
CELL_1736,G1080
CELL_1737,G1081
CELL_1740,G1082
CELL_1741,G1083
CELL_1742,G1084
CELL_1743,G1085
CELL_1744,G1086
CELL_1745,G1087
CELL_1746,G1088
CELL_1748,G1089
CELL_1749,G1090
CELL_1750,G1091
CELL_1751,G1092
CELL_1754,G1093
CELL_1759,G1094
CELL_1760,G1095
CELL_1761,G1096
CELL_1762,G1097
CELL_1763,G1098
CELL_1764,G1099
CELL_1765,G1100
CELL_1767,G1101
CELL_1768,G1102
CELL_1770,G1103
CELL_1771,G1104
CELL_1772,G1105
CELL_1773,G1106
CELL_1775,G1107
CELL_1776,G1108
CELL_1777,G1109
CELL_1778,G1110
CELL_1779,G1111
CELL_1780,G1112
CELL_1781,G1113
CELL_1782,G1114
CELL_1783,G1115
CELL_1784,G1116
CELL_1785,G1117
CELL_1787,G1118
CELL_1789,G1119
CELL_1790,G1120
CELL_1791,G1121
CELL_1792,G1122
CELL_1793,G1123
CELL_1794,G1124
CELL_1795,G1125
CELL_1796,G1126
CELL_1799,G1127
CELL_1801,G1128
CELL_1805,G1129
CELL_1806,G1130
CELL_1807,G1131
CELL_1808,G1132
CELL_1809,G1133
CELL_1811,G1134
CELL_1812,G1135
CELL_1813,G1136
CELL_1814,G1137
CELL_1815,G1138
CELL_1816,G1139
CELL_1817,G1140
CELL_1820,G1141
CELL_1821,G1142
CELL_1822,G1143
CELL_1823,G1144
CELL_1824,G1145
CELL_1825,G1146
CELL_1826,G1147
CELL_1829,G1148
CELL_1830,G1149
CELL_1831,G1150
CELL_1832,G1151
CELL_1834,G1152
CELL_1835,G1153
CELL_1837,G1154
CELL_1838,G1155
CELL_1841,G1156
CELL_1842,G1157
CELL_1844,G1158
CELL_1845,G1159
CELL_1846,G1160
CELL_1847,G1161
CELL_1848,G1162
CELL_1849,G1163
CELL_1851,G1164
CELL_1852,G1165
CELL_1853,G1166
CELL_1855,G1167
CELL_1857,G1168
CELL_1858,G1169
CELL_1860,G1170
CELL_1861,G1171
CELL_1862,G1172
CELL_1863,G1173
CELL_1864,G1174
CELL_1865,G1175
CELL_1866,G1176
CELL_1867,G1177
CELL_1868,G1178
CELL_1869,G1179
CELL_1870,G1180
CELL_1871,G1181
CELL_1872,G1182
CELL_1874,G1183
CELL_1877,G1184
CELL_1878,G1185
CELL_1879,G1186
CELL_1880,G1187
CELL_1881,G1188
CELL_1882,G1189
CELL_1883,G1190
CELL_1884,G1191
CELL_1886,G1192
CELL_1888,G1193
CELL_1889,G1194
CELL_1890,G1195
CELL_1891,G1196
CELL_1892,G1197
CELL_1893,G1198
CELL_1897,G1199
CELL_1898,G1200
CELL_1900,G1201
CELL_1901,G1202
CELL_1902,G1203
CELL_1903,G1204
CELL_1906,G1205
CELL_1908,G1206
CELL_1909,G1207
CELL_1910,G1208
CELL_1911,G1209
CELL_1913,G1210
CELL_1914,G1211
CELL_1915,G1212
CELL_1917,G1213
CELL_1918,G1214
CELL_1919,G1215
CELL_1920,G1216
CELL_1922,G1217
CELL_1925,G1218
CELL_1926,G1219
CELL_1927,G1220
CELL_1928,G1221
CELL_1930,G1222
CELL_1934,G1223
CELL_1935,G1224
CELL_1937,G1225
CELL_1939,G1226
CELL_1940,G1227
CELL_1942,G1228
CELL_1943,G1229
CELL_1944,G1230
CELL_1945,G1231
CELL_1947,G1232
CELL_1948,G1233
CELL_1949,G1234
CELL_1950,G1235
CELL_1951,G1236
CELL_1952,G1237
CELL_1953,G1238
CELL_1954,G1239
CELL_1955,G1240
CELL_1956,G1241
CELL_1957,G1242
CELL_1958,G1243
CELL_1959,G1244
CELL_1960,G1245
CELL_1961,G1246
CELL_1962,G1247
CELL_1964,G1248
CELL_1965,G1249
CELL_1966,G1250
CELL_1969,G1251
CELL_1971,G1252
CELL_1973,G1253
CELL_1974,G1254
CELL_1975,G1255
CELL_1976,G1256
CELL_1978,G1257
CELL_1979,G1258
CELL_1980,G1259
CELL_1982,G1260
CELL_1983,G1261
CELL_1984,G1262
CELL_1985,G1263
CELL_1986,G1264
CELL_1987,G1265
CELL_1988,G1266
CELL_1989,G1267
CELL_1990,G1268
CELL_1993,G1269
CELL_1996,G1270
CELL_1998,G1271
CELL_1999,G1272
CELL_2000,G1273
CELL_2001,G1274
CELL_2002,G1275
CELL_2003,G1276
CELL_2004,G1277
CELL_2005,G1278
CELL_2007,G1279
CELL_2009,G1280
CELL_2013,G1281
CELL_2015,G1282
CELL_2016,G1283
CELL_2017,G1284
CELL_2018,G1285
CELL_2019,G1286
CELL_2020,G1287
CELL_2022,G1288
CELL_2023,G1289
CELL_2024,G1290
CELL_2025,G1291
CELL_2026,G1292
CELL_2028,G1293
CELL_2029,G1294
CELL_2030,G1295
CELL_2031,G1296
CELL_2033,G1297
CELL_2034,G1298
CELL_2035,G1299
CELL_2036,G1300
CELL_2037,G1301
CELL_2038,G1302
CELL_2039,G1303
CELL_2040,G1304
CELL_2041,G1305
CELL_2043,G1306
CELL_2044,G1307
CELL_2047,G1308
CELL_2049,G1309
CELL_2050,G1310
CELL_2051,G1311
CELL_2052,G1312
CELL_2053,G1313
CELL_2054,G1314
CELL_2055,G1315
CELL_2057,G1316
CELL_2058,G1317
CELL_2060,G1318
CELL_2061,G1319
CELL_2063,G1320
CELL_2064,G1321
CELL_2065,G1322
CELL_2066,G1323
CELL_2068,G1324
CELL_2072,G1325
CELL_2073,G1326
CELL_2074,G1327
CELL_2076,G1328
CELL_2077,G1329
CELL_2079,G1330
CELL_2080,G1331
CELL_2082,G1332
CELL_2084,G1333
CELL_2085,G1334
CELL_2086,G1335
CELL_2087,G1336
CELL_2089,G1337
CELL_2090,G1338
CELL_2091,G1339
CELL_2092,G1340
CELL_2093,G1341
CELL_2096,G1342
CELL_2100,G1343
CELL_2102,G1344
CELL_2105,G1345
CELL_2108,G1346
CELL_2109,G1347
CELL_2110,G1348
CELL_2114,G1349
CELL_2116,G1350
CELL_2117,G1351
CELL_2120,G1352
CELL_2121,G1353
CELL_2122,G1354
CELL_2123,G1355
CELL_2125,G1356
CELL_2127,G1357
CELL_2129,G1358
CELL_2130,G1359
CELL_2131,G1360
CELL_2132,G1361
CELL_2133,G1362
CELL_2134,G1363
CELL_2137,G1364
CELL_2138,G1365
CELL_2139,G1366
CELL_2140,G1367
CELL_2141,G1368
CELL_2142,G1369
CELL_2143,G1370
CELL_2145,G1371
CELL_2146,G1372
CELL_2148,G1373
CELL_2149,G1374
CELL_2150,G1375
CELL_2151,G1376
CELL_2152,G1377
CELL_2153,G1378
CELL_2154,G1379
CELL_2155,G1380
CELL_2156,G1381
CELL_2159,G1382
CELL_2161,G1383
CELL_2162,G1384
CELL_2163,G1385
CELL_2164,G1386
CELL_2165,G1387
CELL_2166,G1388
CELL_2167,G1389
CELL_2168,G1390
CELL_2169,G1391
CELL_2170,G1392
CELL_2171,G1393
CELL_2174,G1394
CELL_2175,G1395
CELL_2176,G1396
CELL_2177,G1397
CELL_2178,G1398
CELL_2182,G1399
CELL_2183,G1400
CELL_2184,G1401
CELL_2185,G1402
CELL_2186,G1403
CELL_2187,G1404
CELL_2189,G1405
CELL_2190,G1406
CELL_2191,G1407
CELL_2192,G1408
CELL_2196,G1409
CELL_2197,G1410
CELL_2198,G1411
CELL_2199,G1412
CELL_2200,G1413
CELL_2201,G1414
CELL_2202,G1415
CELL_2204,G1416
CELL_2205,G1417
CELL_2208,G1418
CELL_2209,G1419
CELL_2210,G1420
CELL_2211,G1421
CELL_2213,G1422
CELL_2217,G1423
CELL_2219,G1424
CELL_2220,G1425
CELL_2222,G1426
CELL_2223,G1427
CELL_2225,G1428
CELL_2226,G1429
CELL_2227,G1430
CELL_2228,G1431
CELL_2229,G1432
CELL_2230,G1433
CELL_2233,G1434
CELL_2234,G1435
CELL_2236,G1436
CELL_2237,G1437
CELL_2238,G1438
CELL_2239,G1439
CELL_2240,G1440
CELL_2241,G1441
CELL_2242,G1442
CELL_2244,G1443
CELL_2246,G1444
CELL_2247,G1445
CELL_2248,G1446
CELL_2249,G1447
CELL_2251,G1448
CELL_2252,G1449
CELL_2253,G1450
CELL_2255,G1451
CELL_2256,G1452
CELL_2257,G1453
CELL_2258,G1454
CELL_2259,G1455
CELL_2260,G1456
CELL_2262,G1457
CELL_2263,G1458
CELL_2264,G1459
CELL_2265,G1460
CELL_2268,G1461
CELL_2269,G1462
CELL_2271,G1463
CELL_2275,G1464
CELL_2276,G1465
CELL_2280,G1466
CELL_2282,G1467
CELL_2284,G1468
CELL_2285,G1469
CELL_2286,G1470
CELL_2287,G1471
CELL_2288,G1472
CELL_2289,G1473
CELL_2292,G1474
CELL_2294,G1475
CELL_2295,G1476
CELL_2296,G1477
CELL_2297,G1478
CELL_2299,G1479
CELL_2300,G1480
CELL_2301,G1481
CELL_2302,G1482
CELL_2303,G1483
CELL_2306,G1484
CELL_2307,G1485
CELL_2308,G1486
CELL_2310,G1487
CELL_2314,G1488
CELL_2315,G1489
CELL_2316,G1490
CELL_2317,G1491
CELL_2318,G1492
CELL_2319,G1493
CELL_2320,G1494
CELL_2321,G1495
CELL_2322,G1496
CELL_2324,G1497
CELL_2325,G1498
CELL_2327,G1499
CELL_2329,G1500
CELL_2330,G1501
CELL_2331,G1502
CELL_2332,G1503
CELL_2333,G1504
CELL_2335,G1505
CELL_2337,G1506
CELL_2338,G1507
CELL_2339,G1508
CELL_2340,G1509
CELL_2341,G1510
CELL_2342,G1511
CELL_2343,G1512
CELL_2344,G1513
CELL_2345,G1514
CELL_2346,G1515
CELL_2348,G1516
CELL_2350,G1517
CELL_2351,G1518
CELL_2352,G1519
CELL_2353,G1520
CELL_2357,G1521
CELL_2358,G1522
CELL_2359,G1523
CELL_2360,G1524
CELL_2364,G1525
CELL_2365,G1526
CELL_2366,G1527
CELL_2368,G1528
CELL_2369,G1529
CELL_2370,G1530
CELL_2371,G1531
CELL_2373,G1532
CELL_2375,G1533
CELL_2377,G1534
CELL_2378,G1535
CELL_2379,G1536
CELL_2380,G1537
CELL_2383,G1538
CELL_2385,G1539
CELL_2386,G1540
CELL_2387,G1541
CELL_2389,G1542
CELL_2390,G1543
CELL_2391,G1544
CELL_2392,G1545
CELL_2393,G1546
CELL_2394,G1547
CELL_2398,G1548
CELL_2399,G1549
CELL_2401,G1550
CELL_2402,G1551
CELL_2403,G1552
CELL_2404,G1553
CELL_2405,G1554
CELL_2406,G1555
CELL_2407,G1556
CELL_2408,G1557
CELL_2409,G1558
CELL_2411,G1559
CELL_2414,G1560
CELL_2415,G1561
CELL_2416,G1562
CELL_2417,G1563
CELL_2418,G1564
CELL_2419,G1565
CELL_2420,G1566
CELL_2422,G1567
CELL_2423,G1568
CELL_2424,G1569
CELL_2425,G1570
CELL_2426,G1571
CELL_2427,G1572
CELL_2428,G1573
CELL_2431,G1574
CELL_2432,G1575
CELL_2434,G1576
CELL_2436,G1577
CELL_2437,G1578
CELL_2438,G1579
CELL_2439,G1580
CELL_2440,G1581
CELL_2441,G1582
CELL_2443,G1583
CELL_2444,G1584
CELL_2445,G1585
CELL_2446,G1586
CELL_2447,G1587
CELL_2448,G1588
CELL_2450,G1589
CELL_2451,G1590
CELL_2452,G1591
CELL_2453,G1592
CELL_2454,G1593
CELL_2458,G1594
CELL_2459,G1595
CELL_2460,G1596
CELL_2462,G1597
CELL_2463,G1598
CELL_2464,G1599
CELL_2465,G1600
CELL_2468,G1601
CELL_2469,G1602
CELL_2470,G1603
CELL_2472,G1604
CELL_2474,G1605
CELL_2476,G1606
CELL_2477,G1607
CELL_2478,G1608
CELL_2479,G1609
CELL_2482,G1610
CELL_2484,G1611
CELL_2485,G1612
CELL_2486,G1613
CELL_2487,G1614
CELL_2490,G1615
CELL_2494,G1616
CELL_2495,G1617
CELL_2496,G1618
CELL_2498,G1619
CELL_2500,G1620
CELL_2503,G1621
CELL_2505,G1622
CELL_2507,G1623
CELL_2508,G1624
CELL_2509,G1625
CELL_2511,G1626
CELL_2513,G1627
CELL_2514,G1628
CELL_2515,G1629
CELL_2516,G1630
CELL_2517,G1631
CELL_2519,G1632
CELL_2520,G1633
CELL_2522,G1634
CELL_2525,G1635
CELL_2527,G1636
CELL_2528,G1637
CELL_2529,G1638
CELL_2532,G1639
CELL_2538,G1640
CELL_2539,G1641
CELL_2540,G1642
CELL_2541,G1643
CELL_2543,G1644
CELL_2544,G1645
CELL_2546,G1646
CELL_2547,G1647
CELL_2549,G1648
CELL_2551,G1649
CELL_2553,G1650
CELL_2554,G1651
CELL_2555,G1652
CELL_2556,G1653
CELL_2557,G1654
CELL_2558,G1655
CELL_2559,G1656
CELL_2560,G1657
CELL_2562,G1658
CELL_2563,G1659
CELL_2564,G1660
CELL_2566,G1661
CELL_2567,G1662
CELL_2568,G1663
CELL_2569,G1664
CELL_2570,G1665
CELL_2573,G1666
CELL_2574,G1667
CELL_2575,G1668
CELL_2576,G1669
CELL_2577,G1670
CELL_2579,G1671
CELL_2581,G1672
CELL_2582,G1673
CELL_2583,G1674
CELL_2585,G1675
CELL_2586,G1676
CELL_2587,G1677
CELL_2588,G1678
CELL_2589,G1679
CELL_2590,G1680
CELL_2591,G1681
CELL_2592,G1682
CELL_2593,G1683
CELL_2594,G1684
CELL_2595,G1685
CELL_2599,G1686
CELL_2600,G1687
CELL_2601,G1688
CELL_2602,G1689
CELL_2603,G1690
CELL_2604,G1691
CELL_2605,G1692
CELL_2606,G1693
CELL_2607,G1694
CELL_2610,G1695
CELL_2611,G1696
CELL_2613,G1697
CELL_2614,G1698
CELL_2615,G1699
CELL_2616,G1700
CELL_2617,G1701
CELL_2619,G1702
CELL_2621,G1703
CELL_2622,G1704
CELL_2623,G1705
CELL_2624,G1706
CELL_2626,G1707
CELL_2627,G1708
CELL_2629,G1709
CELL_2631,G1710
CELL_2632,G1711
CELL_2633,G1712
CELL_2634,G1713
CELL_2635,G1714
CELL_2636,G1715
CELL_2637,G1716
CELL_2639,G1717
CELL_2640,G1718
CELL_2643,G1719
CELL_2644,G1720
CELL_2645,G1721
CELL_2647,G1722
CELL_2648,G1723
CELL_2649,G1724
CELL_2651,G1725
CELL_2653,G1726
CELL_2657,G1727
CELL_2658,G1728
CELL_2661,G1729
CELL_2662,G1730
CELL_2664,G1731
CELL_2665,G1732
CELL_2666,G1733
CELL_2667,G1734
CELL_2668,G1735
CELL_2669,G1736
CELL_2670,G1737
CELL_2672,G1738
CELL_2673,G1739
CELL_2674,G1740
CELL_2675,G1741
CELL_2677,G1742
CELL_2678,G1743
CELL_2679,G1744
CELL_2681,G1745
CELL_2682,G1746
CELL_2683,G1747
CELL_2684,G1748
CELL_2686,G1749
CELL_2687,G1750
CELL_2689,G1751
CELL_2691,G1752
CELL_2692,G1753
CELL_2698,G1754
CELL_2700,G1755
CELL_2701,G1756
CELL_2702,G1757
CELL_2704,G1758
CELL_2705,G1759
CELL_2706,G1760
CELL_2707,G1761
CELL_2708,G1762
CELL_2709,G1763
CELL_2711,G1764
CELL_2712,G1765
CELL_2714,G1766
CELL_2716,G1767
CELL_2717,G1768
CELL_2719,G1769
CELL_2720,G1770
CELL_2721,G1771
CELL_2723,G1772
CELL_2724,G1773
CELL_2726,G1774
CELL_2727,G1775
CELL_2728,G1776
CELL_2729,G1777
CELL_2730,G1778
CELL_2731,G1779
CELL_2732,G1780
CELL_2733,G1781
CELL_2735,G1782
CELL_2736,G1783
CELL_2738,G1784
CELL_2740,G1785
CELL_2742,G1786
CELL_2744,G1787
CELL_2745,G1788
CELL_2746,G1789
CELL_2748,G1790
CELL_2749,G1791
CELL_2751,G1792
CELL_2752,G1793
CELL_2753,G1794
CELL_2754,G1795
CELL_2756,G1796
CELL_2757,G1797
CELL_2758,G1798
CELL_2760,G1799
CELL_2761,G1800
CELL_2762,G1801
CELL_2763,G1802
CELL_2765,G1803
CELL_2767,G1804
CELL_2770,G1805
CELL_2771,G1806
CELL_2772,G1807
CELL_2773,G1808
CELL_2774,G1809
CELL_2777,G1810
CELL_2778,G1811
CELL_2779,G1812
CELL_2780,G1813
CELL_2781,G1814
CELL_2782,G1815
CELL_2783,G1816
CELL_2784,G1817
CELL_2786,G1818
CELL_2787,G1819
CELL_2788,G1820
CELL_2789,G1821
CELL_2790,G1822
CELL_2792,G1823
CELL_2793,G1824
CELL_2794,G1825
CELL_2796,G1826
CELL_2797,G1827
CELL_2798,G1828
CELL_2801,G1829
CELL_2803,G1830
CELL_2805,G1831
CELL_2806,G1832
CELL_2808,G1833
CELL_2810,G1834
CELL_2811,G1835
CELL_2813,G1836
CELL_2815,G1837
CELL_2816,G1838
CELL_2817,G1839
CELL_2818,G1840
CELL_2819,G1841
CELL_2821,G1842
CELL_2822,G1843
CELL_2823,G1844
CELL_2824,G1845
CELL_2825,G1846
CELL_2826,G1847
CELL_2827,G1848
CELL_2828,G1849
CELL_2829,G1850
CELL_2830,G1851
CELL_2831,G1852
CELL_2832,G1853
CELL_2834,G1854
CELL_2835,G1855
CELL_2836,G1856
CELL_2837,G1857
CELL_2838,G1858
CELL_2840,G1859
CELL_2841,G1860
CELL_2842,G1861
CELL_2843,G1862
CELL_2844,G1863
CELL_2845,G1864
CELL_2847,G1865
CELL_2848,G1866
CELL_2850,G1867
CELL_2851,G1868
CELL_2852,G1869
CELL_2853,G1870
CELL_2854,G1871
CELL_2855,G1872
CELL_2859,G1873
CELL_2862,G1874
CELL_2864,G1875
CELL_2865,G1876
CELL_2866,G1877
CELL_2867,G1878
CELL_2868,G1879
CELL_2870,G1880
CELL_2871,G1881
CELL_2874,G1882
CELL_2876,G1883
CELL_2877,G1884
CELL_2878,G1885
CELL_2879,G1886
CELL_2882,G1887
CELL_2883,G1888
CELL_2884,G1889
CELL_2886,G1890
CELL_2888,G1891
CELL_2889,G1892
CELL_2890,G1893
CELL_2892,G1894
CELL_2893,G1895
CELL_2895,G1896
CELL_2896,G1897
CELL_2897,G1898
CELL_2900,G1899
CELL_2901,G1900
CELL_2902,G1901
CELL_2903,G1902
CELL_2904,G1903
CELL_2905,G1904
CELL_2907,G1905
CELL_2908,G1906
CELL_2911,G1907
CELL_2914,G1908
CELL_2915,G1909
CELL_2916,G1910
CELL_2922,G1911
CELL_2923,G1912
CELL_2924,G1913
CELL_2925,G1914
CELL_2926,G1915
CELL_2927,G1916
CELL_2928,G1917
CELL_2929,G1918
CELL_2930,G1919
CELL_2934,G1920
CELL_2935,G1921
CELL_2936,G1922
CELL_2938,G1923
CELL_2939,G1924
CELL_2940,G1925
CELL_2942,G1926
CELL_2943,G1927
CELL_2951,G1928
CELL_2952,G1929
CELL_2953,G1930
CELL_2954,G1931
CELL_2955,G1932
CELL_2956,G1933
CELL_2957,G1934
CELL_2960,G1935
CELL_2961,G1936
CELL_2962,G1937
CELL_2964,G1938
CELL_2965,G1939
CELL_2966,G1940
CELL_2967,G1941
CELL_2968,G1942
CELL_2970,G1943
CELL_2971,G1944
CELL_2972,G1945
CELL_2973,G1946
CELL_2974,G1947
CELL_2975,G1948
CELL_2977,G1949
CELL_2978,G1950
CELL_2979,G1951
CELL_2981,G1952
CELL_2982,G1953
CELL_2983,G1954
CELL_2984,G1955
CELL_2985,G1956
CELL_2986,G1957
CELL_2987,G1958
CELL_2989,G1959
CELL_2990,G1960
CELL_2991,G1961
CELL_2992,G1962
CELL_2993,G1963
CELL_2994,G1964
CELL_2995,G1965
CELL_2996,G1966
CELL_2997,G1967
CELL_2998,G1968
CELL_2999,G1969
CELL_3000,G1970
CELL_3001,G1971
CELL_3003,G1972
CELL_3004,G1973
CELL_3007,G1974
CELL_3009,G1975
CELL_3011,G1976
CELL_3012,G1977
CELL_3014,G1978
CELL_3016,G1979
CELL_3017,G1980
CELL_3019,G1981
CELL_3020,G1982
CELL_3021,G1983
CELL_3022,G1984
CELL_3023,G1985
CELL_3025,G1986
CELL_3026,G1987
CELL_3027,G1988
CELL_3028,G1989
CELL_3030,G1990
CELL_3031,G1991
CELL_3032,G1992
CELL_3035,G1993
CELL_3037,G1994
CELL_3038,G1995
CELL_3039,G1996
CELL_3040,G1997
CELL_3041,G1998
CELL_3044,G1999
CELL_3045,G2000
CELL_3046,G2001
CELL_3047,G2002
CELL_3048,G2003
CELL_3049,G2004
CELL_3050,G2005
CELL_3051,G2006
CELL_3052,G2007
CELL_3053,G2008
CELL_3054,G2009
CELL_3055,G2010
CELL_3056,G2011
CELL_3057,G2012
CELL_3058,G2013
CELL_3059,G2014
CELL_3060,G2015
CELL_3061,G2016
CELL_3063,G2017
CELL_3066,G2018
CELL_3067,G2019
CELL_3068,G2020
CELL_3071,G2021
CELL_3072,G2022
CELL_3073,G2023
CELL_3074,G2024
CELL_3075,G2025
CELL_3079,G2026
CELL_3080,G2027
CELL_3081,G2028
CELL_3086,G2029
CELL_3087,G2030
CELL_3088,G2031
CELL_3090,G2032
CELL_3091,G2033
CELL_3092,G2034
CELL_3097,G2035
CELL_3098,G2036
CELL_3099,G2037
CELL_3100,G2038
CELL_3101,G2039
CELL_3102,G2040
CELL_3103,G2041
CELL_3106,G2042
CELL_3108,G2043
CELL_3110,G2044
CELL_3111,G2045
CELL_3113,G2046
CELL_3114,G2047
CELL_3117,G2048
CELL_3118,G2049
CELL_3119,G2050
CELL_3121,G2051
CELL_3122,G2052
CELL_3123,G2053
CELL_3125,G2054
CELL_3126,G2055
CELL_3127,G2056
CELL_3128,G2057
CELL_3129,G2058
CELL_3130,G2059
CELL_3133,G2060
CELL_3134,G2061
CELL_3135,G2062
CELL_3136,G2063
CELL_3137,G2064
CELL_3139,G2065
CELL_3140,G2066
CELL_3142,G2067
CELL_3143,G2068
CELL_3144,G2069
CELL_3147,G2070
CELL_3148,G2071
CELL_3150,G2072
CELL_3152,G2073
CELL_3153,G2074
CELL_3155,G2075
CELL_3156,G2076
CELL_3157,G2077
CELL_3158,G2078
CELL_3161,G2079
CELL_3162,G2080
CELL_3163,G2081
CELL_3164,G2082
CELL_3165,G2083
CELL_3166,G2084
CELL_3167,G2085
CELL_3168,G2086
CELL_3170,G2087
CELL_3172,G2088
CELL_3173,G2089
CELL_3174,G2090
CELL_3175,G2091
CELL_3178,G2092
CELL_3180,G2093
CELL_3182,G2094
CELL_3184,G2095
CELL_3185,G2096
CELL_3187,G2097
CELL_3188,G2098
CELL_3189,G2099
CELL_3190,G2100
CELL_3191,G2101
CELL_3192,G2102
CELL_3193,G2103
CELL_3195,G2104
CELL_3197,G2105
CELL_3198,G2106
CELL_3200,G2107
CELL_3201,G2108
CELL_3202,G2109
CELL_3203,G2110
CELL_3205,G2111
CELL_3206,G2112
CELL_3209,G2113
CELL_3210,G2114
CELL_3211,G2115
CELL_3213,G2116
CELL_3214,G2117
CELL_3215,G2118
CELL_3217,G2119
CELL_3218,G2120
CELL_3219,G2121
CELL_3220,G2122
CELL_3221,G2123
CELL_3222,G2124
CELL_3223,G2125
CELL_3225,G2126
CELL_3226,G2127
CELL_3228,G2128
CELL_3229,G2129
CELL_3230,G2130
CELL_3232,G2131
CELL_3233,G2132
CELL_3237,G2133
CELL_3239,G2134
CELL_3240,G2135
CELL_3244,G2136
CELL_3246,G2137
CELL_3247,G2138
CELL_3248,G2139
CELL_3249,G2140
CELL_3250,G2141
CELL_3252,G2142
CELL_3253,G2143
CELL_3254,G2144
CELL_3255,G2145
CELL_3256,G2146
CELL_3257,G2147
CELL_3258,G2148
CELL_3260,G2149
CELL_3263,G2150
CELL_3264,G2151
CELL_3265,G2152
CELL_3266,G2153
CELL_3270,G2154
CELL_3271,G2155
CELL_3273,G2156
CELL_3274,G2157
CELL_3275,G2158
CELL_3276,G2159
CELL_3277,G2160
CELL_3279,G2161
CELL_3280,G2162
CELL_3281,G2163
CELL_3282,G2164
CELL_3283,G2165
CELL_3285,G2166
CELL_3287,G2167
CELL_3289,G2168
CELL_3290,G2169
CELL_3291,G2170
CELL_3293,G2171
CELL_3294,G2172
CELL_3297,G2173
CELL_3299,G2174
CELL_3300,G2175
CELL_3301,G2176
CELL_3302,G2177
CELL_3303,G2178
CELL_3304,G2179
CELL_3309,G2180
CELL_3310,G2181
CELL_3311,G2182
CELL_3312,G2183
CELL_3313,G2184
CELL_3315,G2185
CELL_3316,G2186
CELL_3317,G2187
CELL_3318,G2188
CELL_3319,G2189
CELL_3321,G2190
CELL_3322,G2191
CELL_3323,G2192
CELL_3324,G2193
CELL_3325,G2194
CELL_3326,G2195
CELL_3327,G2196
CELL_3329,G2197
CELL_3330,G2198
CELL_3331,G2199
CELL_3332,G2200
CELL_3333,G2201
CELL_3335,G2202
CELL_3336,G2203
CELL_3337,G2204
CELL_3339,G2205
CELL_3340,G2206
CELL_3341,G2207
CELL_3342,G2208
CELL_3345,G2209
CELL_3346,G2210
CELL_3348,G2211
CELL_3351,G2212
CELL_3352,G2213
CELL_3354,G2214
CELL_3356,G2215
CELL_3358,G2216
CELL_3359,G2217
CELL_3360,G2218
CELL_3361,G2219
CELL_3364,G2220
CELL_3365,G2221
CELL_3366,G2222
CELL_3367,G2223
CELL_3369,G2224
CELL_3370,G2225
CELL_3371,G2226
CELL_3374,G2227
CELL_3375,G2228
CELL_3376,G2229
CELL_3377,G2230
CELL_3380,G2231
CELL_3381,G2232
CELL_3382,G2233
CELL_3383,G2234
CELL_3385,G2235
CELL_3386,G2236
CELL_3387,G2237
CELL_3388,G2238
CELL_3389,G2239
CELL_3391,G2240
CELL_3392,G2241
CELL_3393,G2242
CELL_3394,G2243
CELL_3395,G2244
CELL_3397,G2245
CELL_3398,G2246
CELL_3399,G2247
CELL_3400,G2248
CELL_3401,G2249
CELL_3403,G2250
CELL_3404,G2251
CELL_3405,G2252
CELL_3406,G2253
CELL_3409,G2254
CELL_3410,G2255
CELL_3412,G2256
CELL_3413,G2257
CELL_3414,G2258
CELL_3415,G2259
CELL_3416,G2260
CELL_3418,G2261
CELL_3419,G2262
CELL_3420,G2263
CELL_3422,G2264
CELL_3423,G2265
CELL_3424,G2266
CELL_3426,G2267
CELL_3428,G2268
CELL_3429,G2269
CELL_3431,G2270
CELL_3432,G2271
CELL_3433,G2272
CELL_3435,G2273
CELL_3436,G2274
CELL_3439,G2275
CELL_3440,G2276
CELL_3441,G2277
CELL_3442,G2278
CELL_3444,G2279
CELL_3449,G2280
CELL_3450,G2281
CELL_3452,G2282
CELL_3456,G2283
CELL_3457,G2284
CELL_3459,G2285
CELL_3460,G2286
CELL_3461,G2287
CELL_3462,G2288
CELL_3463,G2289
CELL_3464,G2290
CELL_3465,G2291
CELL_3466,G2292
CELL_3468,G2293
CELL_3471,G2294
CELL_3472,G2295
CELL_3475,G2296
CELL_3476,G2297
CELL_3477,G2298
CELL_3479,G2299
CELL_3482,G2300
CELL_3483,G2301
CELL_3484,G2302
CELL_3485,G2303
CELL_3486,G2304
CELL_3487,G2305
CELL_3488,G2306
CELL_3489,G2307
CELL_3490,G2308
CELL_3491,G2309
CELL_3492,G2310
CELL_3494,G2311
CELL_3495,G2312
CELL_3496,G2313
CELL_3497,G2314
CELL_3499,G2315
CELL_3500,G2316
CELL_3501,G2317
CELL_3503,G2318
CELL_3506,G2319
CELL_3507,G2320
CELL_3508,G2321
CELL_3511,G2322
CELL_3512,G2323
CELL_3513,G2324
CELL_3514,G2325
CELL_3515,G2326
CELL_3517,G2327
CELL_3519,G2328
CELL_3520,G2329
CELL_3522,G2330
CELL_3523,G2331
CELL_3524,G2332
CELL_3526,G2333
CELL_3527,G2334
CELL_3529,G2335
CELL_3530,G2336
CELL_3531,G2337
CELL_3532,G2338
CELL_3533,G2339
CELL_3534,G2340
CELL_3535,G2341
CELL_3536,G2342
CELL_3537,G2343
CELL_3538,G2344
CELL_3541,G2345
CELL_3543,G2346
CELL_3544,G2347
CELL_3545,G2348
CELL_3546,G2349
CELL_3547,G2350
CELL_3548,G2351
CELL_3549,G2352
CELL_3551,G2353
CELL_3552,G2354
CELL_3553,G2355
CELL_3554,G2356
CELL_3555,G2357
CELL_3556,G2358
CELL_3557,G2359
CELL_3558,G2360
CELL_3560,G2361
CELL_3561,G2362
CELL_3562,G2363
CELL_3563,G2364
CELL_3565,G2365
CELL_3566,G2366
CELL_3568,G2367
CELL_3569,G2368
CELL_3571,G2369
CELL_3572,G2370
CELL_3573,G2371
CELL_3575,G2372
CELL_3576,G2373
CELL_3579,G2374
CELL_3580,G2375
CELL_3583,G2376
CELL_3584,G2377
CELL_3586,G2378
CELL_3588,G2379
CELL_3593,G2380
CELL_3594,G2381
CELL_3595,G2382
CELL_3597,G2383
CELL_3598,G2384
CELL_3603,G2385
CELL_3605,G2386
CELL_3606,G2387
CELL_3608,G2388
CELL_3609,G2389
CELL_3610,G2390
CELL_3611,G2391
CELL_3613,G2392
CELL_3616,G2393
CELL_3617,G2394
CELL_3618,G2395
CELL_3619,G2396
CELL_3621,G2397
CELL_3622,G2398
CELL_3623,G2399
CELL_3624,G2400
CELL_3625,G2401
CELL_3626,G2402
CELL_3627,G2403
CELL_3630,G2404
CELL_3631,G2405
CELL_3634,G2406
CELL_3640,G2407
CELL_3641,G2408
CELL_3642,G2409
CELL_3645,G2410
CELL_3646,G2411
CELL_3647,G2412
CELL_3648,G2413
CELL_3650,G2414
CELL_3651,G2415
CELL_3652,G2416
CELL_3653,G2417
CELL_3654,G2418
CELL_3657,G2419
CELL_3658,G2420
CELL_3659,G2421
CELL_3660,G2422
CELL_3661,G2423
CELL_3662,G2424
CELL_3663,G2425
CELL_3664,G2426
CELL_3666,G2427
CELL_3668,G2428
CELL_3669,G2429
CELL_3670,G2430
CELL_3671,G2431
CELL_3674,G2432
CELL_3675,G2433
CELL_3676,G2434
CELL_3677,G2435
CELL_3678,G2436
CELL_3679,G2437
CELL_3680,G2438
CELL_3681,G2439
CELL_3682,G2440
CELL_3684,G2441
CELL_3685,G2442
CELL_3686,G2443
CELL_3687,G2444
CELL_3688,G2445
CELL_3689,G2446
CELL_3690,G2447
CELL_3693,G2448
CELL_3694,G2449
CELL_3695,G2450
CELL_3696,G2451
CELL_3698,G2452
CELL_3699,G2453
CELL_3702,G2454
CELL_3704,G2455
CELL_3705,G2456
CELL_3706,G2457
CELL_3708,G2458
CELL_3709,G2459
CELL_3711,G2460
CELL_3713,G2461
CELL_3715,G2462
CELL_3716,G2463
CELL_3717,G2464
CELL_3718,G2465
CELL_3719,G2466
CELL_3720,G2467
CELL_3721,G2468
CELL_3722,G2469
CELL_3723,G2470
CELL_3724,G2471
CELL_3725,G2472
CELL_3726,G2473
CELL_3727,G2474
CELL_3729,G2475
CELL_3731,G2476
CELL_3733,G2477
CELL_3734,G2478
CELL_3736,G2479
CELL_3737,G2480
CELL_3738,G2481
CELL_3739,G2482
CELL_3742,G2483
CELL_3744,G2484
CELL_3746,G2485
CELL_3747,G2486
CELL_3750,G2487
CELL_3751,G2488
CELL_3752,G2489
CELL_3754,G2490
CELL_3755,G2491
CELL_3756,G2492
CELL_3758,G2493
CELL_3760,G2494
CELL_3761,G2495
CELL_3762,G2496
CELL_3763,G2497
CELL_3765,G2498
CELL_3766,G2499
CELL_3768,G2500
CELL_3769,G2501
CELL_3770,G2502
CELL_3771,G2503
CELL_3772,G2504
CELL_3774,G2505
CELL_3775,G2506
CELL_3781,G2507
CELL_3782,G2508
CELL_3783,G2509
CELL_3784,G2510
CELL_3785,G2511
CELL_3786,G2512
CELL_3790,G2513
CELL_3791,G2514
CELL_3792,G2515
CELL_3794,G2516
CELL_3796,G2517
CELL_3797,G2518
CELL_3798,G2519
CELL_3800,G2520
CELL_3801,G2521
CELL_3802,G2522
CELL_3804,G2523
CELL_3805,G2524
CELL_3806,G2525
CELL_3807,G2526
CELL_3808,G2527
CELL_3809,G2528
CELL_3810,G2529
CELL_3811,G2530
CELL_3812,G2531
CELL_3813,G2532
CELL_3814,G2533
CELL_3817,G2534
CELL_3818,G2535
CELL_3821,G2536
CELL_3822,G2537
CELL_3824,G2538
CELL_3825,G2539
CELL_3826,G2540
CELL_3827,G2541
CELL_3828,G2542
CELL_3829,G2543
CELL_3830,G2544
CELL_3831,G2545
CELL_3836,G2546
CELL_3837,G2547
CELL_3839,G2548
CELL_3840,G2549
CELL_3842,G2550
CELL_3843,G2551
CELL_3844,G2552
CELL_3845,G2553
CELL_3848,G2554
CELL_3849,G2555
CELL_3850,G2556
CELL_3853,G2557
CELL_3854,G2558
CELL_3855,G2559
CELL_3856,G2560
CELL_3857,G2561
CELL_3858,G2562
CELL_3860,G2563
CELL_3861,G2564
CELL_3862,G2565
CELL_3863,G2566
CELL_3865,G2567
CELL_3867,G2568
CELL_3868,G2569
CELL_3869,G2570
CELL_3870,G2571
CELL_3873,G2572
CELL_3875,G2573
CELL_3876,G2574
CELL_3877,G2575
CELL_3878,G2576
CELL_3879,G2577
CELL_3880,G2578
CELL_3881,G2579
CELL_3883,G2580
CELL_3886,G2581
CELL_3888,G2582
CELL_3889,G2583
CELL_3891,G2584
CELL_3892,G2585
CELL_3894,G2586
CELL_3895,G2587
CELL_3897,G2588
CELL_3898,G2589
CELL_3900,G2590
CELL_3901,G2591
CELL_3902,G2592
CELL_3903,G2593
CELL_3906,G2594
CELL_3907,G2595
CELL_3908,G2596
CELL_3909,G2597
CELL_3910,G2598
CELL_3911,G2599
CELL_3914,G2600
CELL_3915,G2601
CELL_3916,G2602
CELL_3919,G2603
CELL_3920,G2604
CELL_3922,G2605
CELL_3923,G2606
CELL_3924,G2607
CELL_3927,G2608
CELL_3928,G2609
CELL_3929,G2610
CELL_3931,G2611
CELL_3934,G2612
CELL_3935,G2613
CELL_3936,G2614
CELL_3937,G2615
CELL_3938,G2616
CELL_3940,G2617
CELL_3941,G2618
CELL_3944,G2619
CELL_3945,G2620
CELL_3946,G2621
CELL_3947,G2622
CELL_3949,G2623
CELL_3950,G2624
CELL_3951,G2625
CELL_3952,G2626
CELL_3953,G2627
CELL_3954,G2628
CELL_3956,G2629
CELL_3957,G2630
CELL_3961,G2631
CELL_3962,G2632
CELL_3963,G2633
CELL_3964,G2634
CELL_3966,G2635
CELL_3967,G2636
CELL_3968,G2637
CELL_3969,G2638
CELL_3970,G2639
CELL_3971,G2640
CELL_3973,G2641
CELL_3975,G2642
CELL_3976,G2643
CELL_3977,G2644
CELL_3978,G2645
CELL_3979,G2646
CELL_3980,G2647
CELL_3981,G2648
CELL_3983,G2649
CELL_3985,G2650
CELL_3986,G2651
CELL_3987,G2652
CELL_3988,G2653
CELL_3989,G2654
CELL_3990,G2655
CELL_3993,G2656
CELL_3995,G2657
CELL_3996,G2658
CELL_4000,G2659
CELL_4001,G2660
CELL_4003,G2661
CELL_4004,G2662
CELL_4005,G2663
CELL_4007,G2664
CELL_4008,G2665
CELL_4009,G2666
CELL_4011,G2667
CELL_4014,G2668
CELL_4016,G2669
CELL_4018,G2670
CELL_4019,G2671
CELL_4020,G2672
CELL_4023,G2673
CELL_4024,G2674
CELL_4025,G2675
CELL_4026,G2676
CELL_4027,G2677
CELL_4028,G2678
CELL_4029,G2679
CELL_4030,G2680
CELL_4031,G2681
CELL_4033,G2682
CELL_4034,G2683
CELL_4035,G2684
CELL_4038,G2685
CELL_4039,G2686
CELL_4040,G2687
CELL_4041,G2688
CELL_4042,G2689
CELL_4045,G2690
CELL_4046,G2691
CELL_4047,G2692
CELL_4048,G2693
CELL_4049,G2694
CELL_4052,G2695
CELL_4056,G2696
CELL_4057,G2697
CELL_4058,G2698
CELL_4059,G2699
CELL_4060,G2700
CELL_4061,G2701
CELL_4062,G2702
CELL_4063,G2703
CELL_4065,G2704
CELL_4066,G2705
CELL_4067,G2706
CELL_4068,G2707
CELL_4069,G2708
CELL_4071,G2709
CELL_4072,G2710
CELL_4074,G2711
CELL_4075,G2712
CELL_4077,G2713
CELL_4079,G2714
CELL_4080,G2715
CELL_4081,G2716
CELL_4082,G2717
CELL_4083,G2718
CELL_4086,G2719
CELL_4087,G2720
CELL_4088,G2721
CELL_4091,G2722
CELL_4092,G2723
CELL_4095,G2724
CELL_4097,G2725
CELL_4098,G2726
CELL_4100,G2727
CELL_4101,G2728
CELL_4102,G2729
CELL_4103,G2730
CELL_4104,G2731
CELL_4106,G2732
CELL_4108,G2733
CELL_4109,G2734
CELL_4111,G2735
CELL_4112,G2736
CELL_4114,G2737
CELL_4116,G2738
CELL_4117,G2739
CELL_4118,G2740
CELL_4119,G2741
CELL_4120,G2742
CELL_4122,G2743
CELL_4123,G2744
CELL_4125,G2745
CELL_4126,G2746
CELL_4130,G2747
CELL_4133,G2748
CELL_4134,G2749
CELL_4138,G2750
CELL_4139,G2751
CELL_4140,G2752
CELL_4142,G2753
CELL_4143,G2754
CELL_4145,G2755
CELL_4146,G2756
CELL_4147,G2757
CELL_4148,G2758
CELL_4150,G2759
CELL_4151,G2760
CELL_4153,G2761
CELL_4154,G2762
CELL_4156,G2763
CELL_4157,G2764
CELL_4158,G2765
CELL_4160,G2766
CELL_4161,G2767
CELL_4163,G2768
CELL_4165,G2769
CELL_4166,G2770
CELL_4167,G2771
CELL_4168,G2772
CELL_4169,G2773
CELL_4170,G2774
CELL_4171,G2775
CELL_4172,G2776
CELL_4173,G2777
CELL_4174,G2778
CELL_4175,G2779
CELL_4176,G2780
CELL_4177,G2781
CELL_4178,G2782
CELL_4179,G2783
CELL_4183,G2784
CELL_4185,G2785
CELL_4186,G2786
CELL_4187,G2787
CELL_4188,G2788
CELL_4189,G2789
CELL_4190,G2790
CELL_4192,G2791
CELL_4193,G2792
CELL_4194,G2793
CELL_4195,G2794
CELL_4196,G2795
CELL_4197,G2796
CELL_4199,G2797
CELL_4200,G2798
CELL_4201,G2799
CELL_4202,G2800
CELL_4203,G2801
CELL_4204,G2802
CELL_4205,G2803
CELL_4206,G2804
CELL_4210,G2805
CELL_4211,G2806
CELL_4212,G2807
CELL_4213,G2808
CELL_4214,G2809
CELL_4215,G2810
CELL_4216,G2811
CELL_4219,G2812
CELL_4222,G2813
CELL_4223,G2814
CELL_4224,G2815
CELL_4225,G2816
CELL_4226,G2817
CELL_4228,G2818
CELL_4230,G2819
CELL_4231,G2820
CELL_4233,G2821
CELL_4234,G2822
CELL_4235,G2823
CELL_4236,G2824
CELL_4238,G2825
CELL_4239,G2826
CELL_4240,G2827
CELL_4241,G2828
CELL_4242,G2829
CELL_4243,G2830
CELL_4244,G2831
CELL_4245,G2832
CELL_4246,G2833
CELL_4248,G2834
CELL_4249,G2835
CELL_4251,G2836
CELL_4252,G2837
CELL_4254,G2838
CELL_4255,G2839
CELL_4259,G2840
CELL_4260,G2841
CELL_4263,G2842
CELL_4265,G2843
CELL_4267,G2844
CELL_4268,G2845
CELL_4269,G2846
CELL_4270,G2847
CELL_4271,G2848
CELL_4272,G2849
CELL_4273,G2850
CELL_4274,G2851
CELL_4275,G2852
CELL_4276,G2853
CELL_4277,G2854
CELL_4279,G2855
CELL_4281,G2856
CELL_4282,G2857
CELL_4283,G2858
CELL_4285,G2859
CELL_4287,G2860
CELL_4290,G2861
CELL_4291,G2862
CELL_4292,G2863
CELL_4294,G2864
CELL_4295,G2865
CELL_4296,G2866
CELL_4298,G2867
CELL_4299,G2868
CELL_4300,G2869
CELL_4301,G2870
CELL_4302,G2871
CELL_4303,G2872
CELL_4306,G2873
CELL_4311,G2874
CELL_4312,G2875
CELL_4313,G2876
CELL_4314,G2877
CELL_4315,G2878
CELL_4318,G2879
CELL_4321,G2880
CELL_4322,G2881
CELL_4324,G2882
CELL_4326,G2883
CELL_4329,G2884
CELL_4330,G2885
CELL_4332,G2886
CELL_4333,G2887
CELL_4334,G2888
CELL_4335,G2889
CELL_4336,G2890
CELL_4338,G2891
CELL_4340,G2892
CELL_4341,G2893
CELL_4342,G2894
CELL_4344,G2895
CELL_4345,G2896
CELL_4347,G2897
CELL_4348,G2898
CELL_4351,G2899
CELL_4352,G2900
CELL_4353,G2901
CELL_4356,G2902
CELL_4359,G2903
CELL_4360,G2904
CELL_4361,G2905
CELL_4362,G2906
CELL_4363,G2907
CELL_4365,G2908
CELL_4367,G2909
CELL_4368,G2910
CELL_4369,G2911
CELL_4370,G2912
CELL_4371,G2913
CELL_4373,G2914
CELL_4374,G2915
CELL_4375,G2916
CELL_4376,G2917
CELL_4377,G2918
CELL_4378,G2919
CELL_4380,G2920
CELL_4381,G2921
CELL_4382,G2922
CELL_4385,G2923
CELL_4388,G2924
CELL_4389,G2925
CELL_4390,G2926
CELL_4392,G2927
CELL_4393,G2928
CELL_4394,G2929
CELL_4395,G2930
CELL_4396,G2931
CELL_4397,G2932
CELL_4398,G2933
CELL_4399,G2934
CELL_4400,G2935
CELL_4401,G2936
CELL_4402,G2937
CELL_4404,G2938
CELL_4405,G2939
CELL_4406,G2940
CELL_4407,G2941
CELL_4409,G2942
CELL_4412,G2943
CELL_4414,G2944
CELL_4415,G2945
CELL_4416,G2946
CELL_4417,G2947
CELL_4418,G2948
CELL_4421,G2949
CELL_4422,G2950
CELL_4423,G2951
CELL_4424,G2952
CELL_4425,G2953
CELL_4428,G2954
CELL_4429,G2955
CELL_4430,G2956
CELL_4433,G2957
CELL_4434,G2958
CELL_4435,G2959
CELL_4436,G2960
CELL_4440,G2961
CELL_4441,G2962
CELL_4447,G2963
CELL_4448,G2964
CELL_4449,G2965
CELL_4452,G2966
CELL_4453,G2967
CELL_4455,G2968
CELL_4456,G2969
CELL_4461,G2970
CELL_4466,G2971
CELL_4467,G2972
CELL_4468,G2973
CELL_4469,G2974
CELL_4470,G2975
CELL_4471,G2976
CELL_4473,G2977
CELL_4474,G2978
CELL_4475,G2979
CELL_4476,G2980
CELL_4477,G2981
CELL_4479,G2982
CELL_4480,G2983
CELL_4481,G2984
CELL_4482,G2985
CELL_4484,G2986
CELL_4485,G2987
CELL_4486,G2988
CELL_4487,G2989
CELL_4488,G2990
CELL_4489,G2991
CELL_4491,G2992
CELL_4492,G2993
CELL_4496,G2994
CELL_4498,G2995
CELL_4499,G2996
CELL_4501,G2997
CELL_4504,G2998
CELL_4505,G2999
CELL_4506,G3000
CELL_4507,G3001
CELL_4508,G3002
CELL_4509,G3003
CELL_4510,G3004
