gene_id,mean_expression,std_expression,min_expression,max_expression,median_expression,cells_expressed,total_cells,expression_rate
GENE_000001,8.62478452671248,1.5856485867872743,3.55,14.756,8.4639,4511,4511,1.0
GENE_000002,8.656530813566837,1.5582488925589448,3.5193,14.869,8.5016,4511,4511,1.0
GENE_000003,8.635841010862336,1.6419493283792854,3.7322,14.591,8.5229,4511,4511,1.0
GENE_000004,8.60068969186433,1.6503285792952656,3.759,14.689,8.467,4511,4511,1.0
GENE_000005,8.561689248503656,1.6541535193065573,3.8468,14.745,8.4475,4511,4511,1.0
GENE_000006,8.62626575038794,1.5562858194047657,3.6212,14.517,8.4924,4511,4511,1.0
GENE_000007,8.520459011305697,1.5734423639329436,3.5584,14.911,8.3838,4511,4511,1.0
GENE_000008,8.57539507869652,1.3542340033925944,3.6352,14.887,8.5243,4511,4511,1.0
GENE_000009,8.522269541121704,1.3789053130164362,3.6494,14.843,8.4824,4511,4511,1.0
GENE_000010,8.637674196408778,1.4811103623192647,3.7158,14.844,8.5485,4511,4511,1.0
GENE_000011,8.641000177344269,1.5172615899994877,3.6141,14.725,8.5245,4511,4511,1.0
GENE_000012,8.332664708490357,1.5464300759163994,3.5849,14.835,8.1431,4511,4511,1.0
GENE_000013,8.505214630902238,1.6816951250738634,3.5726,14.517,8.3766,4511,4511,1.0
GENE_000014,8.568304367102638,1.6798753848688424,3.6467,14.466,8.4376,4511,4511,1.0
GENE_000015,8.47876065174019,1.71659636626145,3.8275,14.549,8.3868,4511,4511,1.0
GENE_000016,8.63988818443804,1.6091641941801764,3.6737,14.916,8.5193,4511,4511,1.0
GENE_000017,8.666351651518509,1.626675507387305,3.5576,14.884,8.5494,4511,4511,1.0
GENE_000018,8.609901041897583,1.6887664459700729,3.7886,14.364,8.5308,4511,4511,1.0
GENE_000019,8.59985938816227,1.6941589142169702,3.6915,14.439,8.5145,4511,4511,1.0
GENE_000020,8.55234145422301,1.7091128126684638,3.814,14.24,8.4756,4511,4511,1.0
GENE_000021,8.591334160939924,1.6185620719130398,3.6114,14.892,8.4458,4511,4511,1.0
GENE_000022,8.624128929283973,1.6045845318030814,3.6054,14.875,8.4814,4511,4511,1.0
GENE_000023,8.589925936599423,1.5526513477981407,3.5616,14.877,8.4483,4511,4511,1.0
GENE_000024,8.595499268454887,1.5408787001737456,3.5765,14.901,8.4595,4511,4511,1.0
GENE_000025,8.597673176679228,1.4719647904357518,3.6594,14.756,8.4563,4511,4511,1.0
GENE_000026,8.643939547772113,1.47914794883925,3.7226,14.713,8.5807,4511,4511,1.0
GENE_000027,8.616377366437597,1.4689334541882784,3.607,14.809,8.5535,4511,4511,1.0
GENE_000028,8.260464708490359,1.1215403999059488,3.5447,14.804,8.2448,4511,4511,1.0
GENE_000029,8.448752915096431,1.4321151953674942,3.5911,14.87,8.3509,4511,4511,1.0
GENE_000030,8.587155530924408,1.5966520262953543,3.6331,14.869,8.4211,4511,4511,1.0
GENE_000031,8.585982154732875,1.597935809658862,3.5651,14.803,8.4303,4511,4511,1.0
GENE_000032,8.36815615162935,1.4975914516069186,3.5788,14.673,8.1972,4511,4511,1.0
GENE_000033,8.385045621813344,1.5074115029927946,3.5718,14.886,8.2278,4511,4511,1.0
GENE_000034,8.351213832853025,1.538775208435871,3.5819,14.913,8.1712,4511,4511,1.0
GENE_000035,8.710077455109733,1.5295097886593263,3.5908,14.653,8.5863,4511,4511,1.0
GENE_000036,8.61737036133895,1.425509581864786,3.6737,14.725,8.5455,4511,4511,1.0
GENE_000037,8.317235579694081,1.3653544960404873,3.5863,14.872,8.2491,4511,4511,1.0
GENE_000038,8.60634757260031,1.6190446330237602,3.6479,14.77,8.4531,4511,4511,1.0
GENE_000039,8.599503014852582,1.6046825223357424,3.6032,14.8,8.4323,4511,4511,1.0
GENE_000040,8.574471048547993,1.54446914725278,3.5435,14.726,8.4717,4511,4511,1.0
GENE_000041,8.603567080469963,1.5692553873911657,3.5427,14.82,8.4936,4511,4511,1.0
GENE_000042,8.591957149190867,1.6612896349800068,3.7543,14.518,8.4651,4511,4511,1.0
GENE_000043,8.53190724894702,1.6786488892663785,3.6839,14.752,8.4062,4511,4511,1.0
GENE_000044,8.367234338284195,1.6650318991711324,3.8998,14.706,8.2172,4511,4511,1.0
GENE_000045,8.71405759255154,1.5131023897526787,3.6901,14.71,8.6233,4511,4511,1.0
GENE_000046,8.685153912657949,1.4858323828174302,3.6049,14.761,8.6161,4511,4511,1.0
GENE_000047,8.43620906672578,1.2931518964286703,3.5732,14.835,8.4333,4511,4511,1.0
GENE_000048,8.430760518731988,1.533465734546575,3.5439,14.786,8.3136,4511,4511,1.0
GENE_000049,8.61372981600532,1.6150174351395783,3.745,14.821,8.4302,4511,4511,1.0
GENE_000050,8.607896829971182,1.542439399162809,3.8752,14.937,8.4586,4511,4511,1.0
GENE_000051,8.602005652848591,1.5853395155465608,3.7053,14.935,8.4716,4511,4511,1.0
GENE_000052,8.630726313455995,1.5729977638731787,3.6314,14.887,8.4936,4511,4511,1.0
GENE_000053,8.587276679228552,1.5359073767824318,3.7106,14.969,8.451,4511,4511,1.0
GENE_000054,8.557277610285968,1.5600564371491843,3.7684,14.917,8.4286,4511,4511,1.0
GENE_000055,8.595355796940812,1.5170678178005716,3.7135,14.948,8.5154,4511,4511,1.0
GENE_000056,8.544839215251606,1.5473946561118062,3.5991,14.955,8.4262,4511,4511,1.0
GENE_000057,8.553370339170916,1.5082751606159688,3.6825,14.938,8.4422,4511,4511,1.0
GENE_000058,8.55285741520727,1.5444845862012297,3.7018,14.893,8.4357,4511,4511,1.0
GENE_000059,8.521082841941919,1.3072653407409038,3.6198,15.004,8.4772,4511,4511,1.0
GENE_000060,8.523530525382398,1.4136307898886504,3.6645,14.946,8.4302,4511,4511,1.0
GENE_000061,8.601003037020616,1.5891999637121237,3.7245,14.914,8.4501,4511,4511,1.0
GENE_000062,8.584887874085569,1.5539409352385032,3.6114,14.838,8.4587,4511,4511,1.0
GENE_000063,8.577457171358901,1.5315322722812323,3.6261,14.922,8.4757,4511,4511,1.0
GENE_000064,8.600587076036355,1.5508884189304606,3.6192,14.898,8.4935,4511,4511,1.0
GENE_000065,8.55533564619818,1.5167152795108159,3.5477,14.915,8.464,4511,4511,1.0
GENE_000066,8.546107758811795,1.5190518779210995,3.6656,14.913,8.451,4511,4511,1.0
GENE_000067,8.581109687430725,1.5021837703547523,3.5886,14.912,8.488,4511,4511,1.0
GENE_000068,8.559683883839503,1.5243069370740434,3.8168,14.944,8.4496,4511,4511,1.0
GENE_000069,8.57383354023498,1.515068627710649,3.5901,14.939,8.494,4511,4511,1.0
GENE_000070,8.560494236311241,1.5288162443494404,3.6473,14.85,8.4576,4511,4511,1.0
GENE_000071,8.510444358235425,1.5157083614823095,3.5864,14.893,8.4028,4511,4511,1.0
GENE_000072,8.429881068499224,1.4580639905161037,3.5331,14.949,8.3469,4511,4511,1.0
GENE_000073,8.435859787186875,1.3574786541036639,3.592,14.948,8.3725,4511,4511,1.0
GENE_000074,8.42789904677455,1.3416115604529495,3.6185,14.959,8.3518,4511,4511,1.0
GENE_000075,8.433466880957658,1.3093779941379027,3.5243,14.809,8.4476,4511,4511,1.0
GENE_000076,8.391212591443137,1.4710784985909442,3.4795,14.783,8.2877,4511,4511,1.0
GENE_000077,8.364440678341829,1.2827451393269267,3.5539,14.792,8.3869,4511,4511,1.0
GENE_000078,8.506886277987142,1.5505134851729014,3.5399,14.799,8.3754,4511,4511,1.0
GENE_000079,8.545673309687432,1.5242721003742294,3.602,14.829,8.4489,4511,4511,1.0
GENE_000080,8.548449589891376,1.4653155398694404,3.6256,14.87,8.4586,4511,4511,1.0
GENE_000081,8.541665018842828,1.3937810536096853,3.6208,14.916,8.4709,4511,4511,1.0
GENE_000082,8.433042097095989,1.2451768825305172,3.6043,14.977,8.4082,4511,4511,1.0
GENE_000083,8.338745510973176,1.3254277634154585,3.545,14.843,8.2527,4511,4511,1.0
GENE_000084,8.329089403679893,1.1903321206899484,3.5152,14.837,8.2821,4511,4511,1.0
GENE_000085,8.671257570383506,1.552719748620423,3.6334,14.735,8.5588,4511,4511,1.0
GENE_000086,8.62990527599202,1.5530081162186158,3.6036,14.66,8.4906,4511,4511,1.0
GENE_000087,8.49290432276657,1.4145407114664263,3.8456,14.876,8.4401,4511,4511,1.0
GENE_000088,8.556371780093107,1.4289222503397794,3.6347,14.84,8.4899,4511,4511,1.0
GENE_000089,8.546603170028817,1.4326607273018763,3.7139,14.858,8.4797,4511,4511,1.0
GENE_000090,8.499264952338729,1.4546692942774793,3.65,14.886,8.4229,4511,4511,1.0
GENE_000091,8.63614668587896,1.529944570631086,3.7543,14.8,8.5346,4511,4511,1.0
GENE_000092,8.63029813788517,1.4968094212934413,3.6848,14.89,8.5338,4511,4511,1.0
GENE_000093,8.625406273553535,1.4022729190976668,3.6812,14.792,8.5716,4511,4511,1.0
GENE_000094,8.705449301706938,1.4980504391591871,3.6455,14.809,8.6069,4511,4511,1.0
GENE_000095,8.630145023276436,1.5080234086199882,3.5894,14.868,8.5229,4511,4511,1.0
GENE_000096,8.637609310574152,1.434270738092473,3.7193,14.908,8.5673,4511,4511,1.0
GENE_000097,8.555415318111283,1.549275157633467,3.6564,14.742,8.4326,4511,4511,1.0
GENE_000098,8.589058878297497,1.5946083211318833,3.6246,14.554,8.4374,4511,4511,1.0
GENE_000099,8.63228242074928,1.595269036148172,3.603,14.538,8.4983,4511,4511,1.0
GENE_000100,8.711961205941034,1.6164637118320513,3.6031,14.562,8.5575,4511,4511,1.0
GENE_000101,8.650979295056528,1.5484717462221815,3.6316,14.449,8.5016,4511,4511,1.0
GENE_000102,8.699058013744182,1.4512183566966275,3.6888,14.696,8.6044,4511,4511,1.0
GENE_000103,8.619233008202173,1.567456511778939,3.7151,14.295,8.4578,4511,4511,1.0
GENE_000104,8.695630902238971,1.5097551220928638,3.6713,14.709,8.5937,4511,4511,1.0
GENE_000105,8.649538239858124,1.51811166920194,3.7336,14.71,8.522,4511,4511,1.0
GENE_000106,8.635028840611836,1.4971660178741453,3.5921,14.854,8.5181,4511,4511,1.0
GENE_000107,8.543310596320106,1.5945263622276404,3.5924,14.7,8.4013,4511,4511,1.0
GENE_000108,8.569743693194413,1.6117857078682216,3.5851,14.556,8.4249,4511,4511,1.0
GENE_000109,8.611714919086676,1.5279008504610028,3.8412,14.649,8.4992,4511,4511,1.0
GENE_000110,8.633262491686988,1.525621047941851,3.6129,14.795,8.5294,4511,4511,1.0
GENE_000111,8.543524340500996,1.6150886461147385,3.5866,14.66,8.3985,4511,4511,1.0
GENE_000112,8.676548880514298,1.5550648290855742,3.6631,14.348,8.561,4511,4511,1.0
GENE_000113,8.580390866770118,1.548505086545167,3.7285,14.74,8.469,4511,4511,1.0
GENE_000114,8.552466659277322,1.5630908590389068,3.6738,14.873,8.429,4511,4511,1.0
GENE_000115,8.579507537131455,1.5550661077315853,3.6869,14.881,8.469,4511,4511,1.0
GENE_000116,8.579151385502108,1.5244344219080699,3.6944,14.852,8.4687,4511,4511,1.0
GENE_000117,8.578897339835956,1.5652437481220138,3.6186,14.831,8.4697,4511,4511,1.0
GENE_000118,8.55048667701175,1.5811276771185099,3.5435,14.852,8.4417,4511,4511,1.0
GENE_000119,8.547306207049434,1.5511227179079818,3.7493,14.848,8.4227,4511,4511,1.0
GENE_000120,8.571690733761915,1.5676366362422258,3.692,14.848,8.4261,4511,4511,1.0
GENE_000121,8.57462771004212,1.5154931494135315,3.7983,14.827,8.4669,4511,4511,1.0
GENE_000122,8.539809288406119,1.5489275160346359,3.774,14.848,8.421,4511,4511,1.0
GENE_000123,8.541347107071601,1.551503922449011,3.6536,14.814,8.4058,4511,4511,1.0
GENE_000124,8.571751961870982,1.5129470910757947,3.6606,14.847,8.4454,4511,4511,1.0
GENE_000125,8.586034227444024,1.5600351708096307,3.7732,14.88,8.4613,4511,4511,1.0
GENE_000126,8.568104633119043,1.5531203161256122,3.7276,14.853,8.4428,4511,4511,1.0
GENE_000127,8.558349722899578,1.6047797232141487,3.8219,14.779,8.4,4511,4511,1.0
GENE_000128,8.546429062292175,1.5999434225986289,3.8429,14.838,8.4074,4511,4511,1.0
GENE_000129,8.583013522500554,1.5355219952559007,3.569,14.714,8.4561,4511,4511,1.0
GENE_000130,8.581725315894479,1.6231623462547105,3.6178,14.711,8.4394,4511,4511,1.0
GENE_000131,8.394178386167146,1.2314563728457122,3.5422,14.797,8.3469,4511,4511,1.0
GENE_000132,8.545689581024163,1.3449484266878708,3.5466,14.799,8.4662,4511,4511,1.0
GENE_000133,8.643996253602305,1.4638178668758879,3.6669,14.692,8.5796,4511,4511,1.0
GENE_000134,8.569727953890489,1.5519177285327175,3.6608,14.672,8.4569,4511,4511,1.0
GENE_000135,8.223876213699844,1.15588004277116,3.5409,14.822,8.1712,4511,4511,1.0
GENE_000136,8.215706606074042,1.2352110593948107,3.5605,14.852,8.1645,4511,4511,1.0
GENE_000137,8.698545267124805,1.5609021852375886,3.6676,14.417,8.5636,4511,4511,1.0
GENE_000138,8.695981201507426,1.5210722713488976,3.6371,14.488,8.5759,4511,4511,1.0
GENE_000139,8.558288782974952,1.6334470689327434,3.8235,14.839,8.3992,4511,4511,1.0
GENE_000140,8.497481534027933,1.6254346959440316,3.7473,14.824,8.3523,4511,4511,1.0
GENE_000141,8.588209133229881,1.6288477856431565,3.6754,14.83,8.4273,4511,4511,1.0
GENE_000142,8.519974129904677,1.6384595348272377,3.6213,14.816,8.3421,4511,4511,1.0
GENE_000143,8.589565994236311,1.6209942997504327,3.8378,14.84,8.4407,4511,4511,1.0
GENE_000144,8.556535313677676,1.6148585077134423,3.6766,14.882,8.3888,4511,4511,1.0
GENE_000145,8.558405564176457,1.5954951081653856,3.7632,14.862,8.3959,4511,4511,1.0
GENE_000146,8.509728663267568,1.5344593936755018,3.7896,14.824,8.3643,4511,4511,1.0
GENE_000147,8.579033207714478,1.6320232468199898,3.752,14.829,8.4298,4511,4511,1.0
GENE_000148,8.572723675459986,1.6224192770678025,3.6234,14.906,8.4103,4511,4511,1.0
GENE_000149,8.585009997783196,1.5977396116578428,3.8939,14.855,8.4424,4511,4511,1.0
GENE_000150,8.53790348038129,1.591831330491743,3.6047,14.794,8.3882,4511,4511,1.0
GENE_000151,8.547566481933053,1.6212382258783684,3.6709,14.843,8.3944,4511,4511,1.0
GENE_000152,8.575059831522944,1.5897912539638426,3.7872,14.738,8.4248,4511,4511,1.0
GENE_000153,8.566324872533807,1.614262405100518,3.7195,14.845,8.4261,4511,4511,1.0
GENE_000154,8.55775320328087,1.5487684933084782,3.5255,14.784,8.4357,4511,4511,1.0
GENE_000155,8.507471225892264,1.553908067368408,3.7305,14.811,8.3803,4511,4511,1.0
GENE_000156,8.57877018399468,1.565092534270486,3.6104,14.835,8.436,4511,4511,1.0
GENE_000157,8.539128884947905,1.5415453342935148,3.6583,14.818,8.4186,4511,4511,1.0
GENE_000158,8.60430959875859,1.5037541909889105,3.6379,14.774,8.5256,4511,4511,1.0
GENE_000159,8.56392813123476,1.5425579970999093,3.6293,14.473,8.4538,4511,4511,1.0
GENE_000160,8.466352227887386,1.534863904075665,3.5987,14.762,8.331,4511,4511,1.0
GENE_000161,8.499838594546663,1.4876344252551243,3.6005,14.763,8.3757,4511,4511,1.0
GENE_000162,8.461514852582576,1.5953280467760698,3.55,14.596,8.2869,4511,4511,1.0
GENE_000163,8.483817956107293,1.5729653067660077,3.5983,14.549,8.324,4511,4511,1.0
GENE_000164,8.52886484149856,1.5732873893199923,3.5789,14.602,8.42,4511,4511,1.0
GENE_000165,8.644511593881623,1.581698093480158,3.6301,14.651,8.5259,4511,4511,1.0
GENE_000166,8.628851961870982,1.5681906901870664,3.6787,14.559,8.5108,4511,4511,1.0
GENE_000167,8.652187231212592,1.5744077213770968,3.6149,14.598,8.5214,4511,4511,1.0
GENE_000168,8.55127095987586,1.5860768839300998,3.7343,14.714,8.4179,4511,4511,1.0
GENE_000169,8.598294568831744,1.5714158977587094,3.6833,14.8,8.4833,4511,4511,1.0
GENE_000170,8.607822700066505,1.556589367552858,3.7317,14.778,8.468,4511,4511,1.0
GENE_000171,8.656226357792063,1.5552950535765988,3.7216,14.629,8.5346,4511,4511,1.0
GENE_000172,8.573249811571714,1.5856917758083924,3.6747,14.593,8.4041,4511,4511,1.0
GENE_000173,8.539518621148304,1.6021475067325888,3.6706,14.531,8.3845,4511,4511,1.0
GENE_000174,8.562726069607626,1.5894413429648764,3.641,14.636,8.3992,4511,4511,1.0
GENE_000175,8.55383713145644,1.6072476868252088,3.5593,14.644,8.3902,4511,4511,1.0
GENE_000176,8.547704078918201,1.591126120467486,3.7348,14.678,8.3935,4511,4511,1.0
GENE_000177,8.57803161161605,1.599937573401909,3.6619,14.601,8.4337,4511,4511,1.0
GENE_000178,8.560184415872312,1.5545196550899094,3.6652,14.591,8.4188,4511,4511,1.0
GENE_000179,8.515673464863665,1.5613032728145724,3.534,14.569,8.3617,4511,4511,1.0
GENE_000180,8.480044469075592,1.5945878169816827,3.7224,14.348,8.3238,4511,4511,1.0
GENE_000181,8.529526158279761,1.5977062969617004,3.6272,14.786,8.3754,4511,4511,1.0
GENE_000182,8.498657991576147,1.5607504841746194,3.7306,14.858,8.362,4511,4511,1.0
GENE_000183,8.56875790290401,1.5573062601924315,3.6415,14.734,8.42,4511,4511,1.0
GENE_000184,8.628986433163378,1.5737012813858329,3.6629,14.794,8.4798,4511,4511,1.0
GENE_000185,8.591162779871425,1.5930887169005707,3.5917,14.747,8.4208,4511,4511,1.0
GENE_000186,8.555940567501663,1.6133074224436532,3.6982,14.837,8.389,4511,4511,1.0
GENE_000187,8.571644491243626,1.6010493456984873,3.6371,14.791,8.4426,4511,4511,1.0
GENE_000188,8.410561649301709,1.6076072353582973,3.5717,14.693,8.2418,4511,4511,1.0
GENE_000189,8.595269142097095,1.574853513890697,3.6256,14.778,8.4651,4511,4511,1.0
GENE_000190,8.56563083573487,1.5496746956254424,3.6721,14.802,8.446,4511,4511,1.0
GENE_000191,8.551105431168255,1.586429631047465,3.631,14.88,8.4307,4511,4511,1.0
GENE_000192,8.490193859454665,1.579217892429471,3.7428,14.69,8.3141,4511,4511,1.0
GENE_000193,8.602380359122144,1.5762300306114236,3.5439,14.644,8.4286,4511,4511,1.0
GENE_000194,8.541520926623809,1.585150664008417,3.6614,14.659,8.351,4511,4511,1.0
GENE_000195,8.570039902460652,1.6128550798569292,3.5312,14.659,8.4043,4511,4511,1.0
GENE_000196,8.596894967856352,1.5698808846318704,3.6584,14.772,8.4443,4511,4511,1.0
GENE_000197,8.442784393704278,1.5165845071320685,3.6567,14.753,8.2958,4511,4511,1.0
GENE_000198,8.591263467080468,1.6102774892005496,3.607,14.802,8.4368,4511,4511,1.0
GENE_000199,8.577580248281977,1.5908194399926612,3.6406,14.688,8.4137,4511,4511,1.0
GENE_000200,8.651751784526711,1.4431327511884697,3.8707,14.724,8.5748,4511,4511,1.0
GENE_000201,8.538424362669032,1.5275825041753548,3.6856,14.666,8.373,4511,4511,1.0
GENE_000202,8.549385812458436,1.5102504985118963,3.6273,14.683,8.4015,4511,4511,1.0
GENE_000203,8.567814963422745,1.5583107272309644,3.612,14.739,8.417,4511,4511,1.0
GENE_000204,8.612881534027933,1.5978628285559,3.8451,14.75,8.4517,4511,4511,1.0
GENE_000205,8.591148924850366,1.5667273738261849,3.581,14.807,8.454,4511,4511,1.0
GENE_000206,8.600465528707604,1.6287686149290093,3.8662,14.747,8.4305,4511,4511,1.0
GENE_000207,8.59287288849479,1.5879712360974256,3.6332,14.811,8.4465,4511,4511,1.0
GENE_000208,8.61754950121924,1.5740141664303295,3.6016,14.674,8.4772,4511,4511,1.0
GENE_000209,8.578196719131013,1.4797851524339458,3.6379,14.711,8.467,4511,4511,1.0
GENE_000210,8.598542717800932,1.587272669933563,3.6036,14.67,8.4362,4511,4511,1.0
GENE_000211,8.599848038129018,1.6362708223938132,3.5901,14.676,8.4607,4511,4511,1.0
GENE_000212,8.658416182664599,1.6271897443123433,3.5836,14.809,8.5253,4511,4511,1.0
GENE_000213,8.63130485479938,1.6064458231675398,3.7444,14.798,8.475,4511,4511,1.0
GENE_000214,8.603969851474174,1.6456895522300816,3.6309,14.779,8.4444,4511,4511,1.0
GENE_000215,8.586644823764132,1.5996422775036552,3.6184,14.752,8.4425,4511,4511,1.0
GENE_000216,8.569471957437377,1.6518377256138423,3.6646,14.703,8.3907,4511,4511,1.0
GENE_000217,8.583697605852363,1.5957883980792622,3.6232,14.765,8.4216,4511,4511,1.0
GENE_000218,8.630031988472622,1.623982656863888,3.6044,14.709,8.475,4511,4511,1.0
GENE_000219,8.597645843493682,1.5635810737702969,3.6745,14.751,8.4332,4511,4511,1.0
GENE_000220,8.599420749279538,1.6330416110126718,3.6417,14.48,8.4216,4511,4511,1.0
GENE_000221,8.660300997561516,1.6301646848006084,3.6355,14.741,8.5055,4511,4511,1.0
GENE_000222,8.646579516736864,1.5787368162200268,3.6159,14.798,8.5188,4511,4511,1.0
GENE_000223,8.620846841055199,1.5694073229654217,3.6671,14.591,8.4525,4511,4511,1.0
GENE_000224,8.615741299046773,1.6046768918676466,3.7172,14.737,8.4832,4511,4511,1.0
GENE_000225,8.609243050321437,1.6018548018412078,3.6577,14.642,8.4557,4511,4511,1.0
GENE_000226,8.680431766792285,1.53146737752708,3.6144,14.802,8.5722,4511,4511,1.0
GENE_000227,8.615373265351362,1.5420356585165407,3.5917,14.775,8.5152,4511,4511,1.0
GENE_000228,8.608528751939703,1.6153512216088448,3.6866,14.734,8.4583,4511,4511,1.0
GENE_000229,8.628919064508977,1.5725520368901542,3.6383,14.699,8.4896,4511,4511,1.0
GENE_000230,8.60927439592108,1.5671808226793733,3.6073,14.77,8.4779,4511,4511,1.0
GENE_000231,8.650835025493238,1.5351284217891727,3.6317,14.757,8.5323,4511,4511,1.0
GENE_000232,8.591201972955,1.6055513424684038,3.6527,14.622,8.4247,4511,4511,1.0
GENE_000233,8.613041786743517,1.6025261125125303,3.6003,14.611,8.4594,4511,4511,1.0
GENE_000234,8.564992595876745,1.5814615290037892,3.5611,14.667,8.4124,4511,4511,1.0
GENE_000235,8.593668565728219,1.5432248583195491,3.5928,14.733,8.4518,4511,4511,1.0
GENE_000236,8.587420328086898,1.6367937138800723,3.715,14.817,8.4191,4511,4511,1.0
GENE_000237,8.562975703835068,1.6150402701765827,3.5758,14.775,8.4056,4511,4511,1.0
GENE_000238,8.623708490356906,1.613776621988726,3.6402,14.838,8.46,4511,4511,1.0
GENE_000239,8.559331988472621,1.6238295670711476,3.6073,14.755,8.4131,4511,4511,1.0
GENE_000240,8.568527444025715,1.6183809461059973,3.5914,14.826,8.4102,4511,4511,1.0
GENE_000241,8.543319219685214,1.599015439234375,3.676,14.829,8.391,4511,4511,1.0
GENE_000242,8.572520549767235,1.5898520851226206,3.6631,14.894,8.4121,4511,4511,1.0
GENE_000243,8.588816337840834,1.5816592203318425,3.6361,14.877,8.4289,4511,4511,1.0
GENE_000244,8.559985568610063,1.616625242512811,3.6396,14.819,8.3891,4511,4511,1.0
GENE_000245,8.475668033695412,1.5244697994309504,3.7754,14.897,8.2777,4511,4511,1.0
GENE_000246,8.471623187763244,1.5348496805800302,3.7578,14.912,8.2598,4511,4511,1.0
GENE_000247,8.54101079583241,1.4747709702381793,3.5847,14.944,8.3544,4511,4511,1.0
GENE_000248,8.48045909997783,1.532588404634008,3.6123,14.909,8.2529,4511,4511,1.0
GENE_000249,8.499488406118378,1.5136137589367018,3.7289,14.924,8.2867,4511,4511,1.0
GENE_000250,8.508519175349145,1.4822188490762207,3.7412,14.912,8.2856,4511,4511,1.0
GENE_000251,8.453661981822211,1.4955005911917798,3.6186,14.901,8.2444,4511,4511,1.0
GENE_000252,8.500573088007094,1.481654784045493,3.871,14.904,8.2866,4511,4511,1.0
GENE_000253,8.506194058966969,1.4927828353058477,3.7543,14.858,8.2871,4511,4511,1.0
GENE_000254,8.457710751496343,1.436343945032683,3.7472,14.915,8.3034,4511,4511,1.0
GENE_000255,8.479720084238528,1.4604681899993857,3.6782,14.88,8.2881,4511,4511,1.0
GENE_000256,8.43947497228996,1.4702692535077655,3.6394,14.895,8.2393,4511,4511,1.0
GENE_000257,8.475233074706274,1.420476756615687,3.7151,14.878,8.3151,4511,4511,1.0
GENE_000258,8.458266016404345,1.4504369260250545,3.7497,14.89,8.2946,4511,4511,1.0
GENE_000259,8.462260540900022,1.4412059835234319,3.7389,14.937,8.2855,4511,4511,1.0
GENE_000260,8.554911992906229,1.6340412077352149,3.7434,14.805,8.4051,4511,4511,1.0
GENE_000261,8.484671514076702,1.6254414773092662,3.6545,14.591,8.3092,4511,4511,1.0
GENE_000262,8.421676413212149,1.6083330345678164,3.6332,14.606,8.2502,4511,4511,1.0
GENE_000263,8.558601995123032,1.6000014200798884,3.588,14.598,8.4155,4511,4511,1.0
GENE_000264,8.544698692086012,1.5986759486340822,3.5734,14.574,8.4052,4511,4511,1.0
GENE_000265,8.51325595211705,1.5705845417105824,3.6072,14.647,8.3845,4511,4511,1.0
GENE_000266,8.438281733540235,1.5568465656779278,3.6048,14.632,8.3159,4511,4511,1.0
GENE_000267,8.253773730880072,1.1242161172236962,3.5447,14.804,8.2386,4511,4511,1.0
GENE_000268,8.187763843937041,1.1752626215462472,3.5344,14.818,8.1316,4511,4511,1.0
GENE_000269,8.251645377964977,1.2250414586351652,3.5747,14.798,8.1729,4511,4511,1.0
GENE_000270,8.560810418975835,1.266518384109886,3.9353,14.812,8.5705,4511,4511,1.0
GENE_000271,8.376897051651518,1.3582575334955047,3.491,14.745,8.2433,4511,4511,1.0
GENE_000272,8.248320195078696,1.1065043805575083,3.5119,14.785,8.2092,4511,4511,1.0
GENE_000273,8.445281090667258,1.2487638833834047,3.5479,14.855,8.3737,4511,4511,1.0
GENE_000274,8.283116648193305,1.2919911822703125,3.5322,14.906,8.1852,4511,4511,1.0
GENE_000275,8.298208246508535,1.3074590119595157,3.5226,14.894,8.1751,4511,4511,1.0
GENE_000276,8.415967701174905,1.2415652869866025,3.6027,14.935,8.3863,4511,4511,1.0
GENE_000277,8.350210574152072,1.303843809181844,3.5307,14.904,8.2352,4511,4511,1.0
GENE_000278,8.257959920195079,1.2832199141027207,3.5347,14.88,8.1609,4511,4511,1.0
GENE_000279,8.446599201950786,1.4168545645717918,3.5274,15.016,8.342,4511,4511,1.0
GENE_000280,8.438157747727777,1.4158422223398508,3.6009,15.05,8.3205,4511,4511,1.0
GENE_000281,8.473109044557749,1.3566424850121372,3.5333,14.909,8.4052,4511,4511,1.0
GENE_000282,8.527139215251607,1.4963883197395498,3.6192,14.855,8.4706,4511,4511,1.0
GENE_000283,8.523103679893593,1.4291750659987341,3.6352,14.893,8.5027,4511,4511,1.0
GENE_000284,8.584990888938151,1.4124386876849122,3.6974,14.955,8.5391,4511,4511,1.0
GENE_000285,8.508176634892486,1.406139473601007,3.6404,14.937,8.4576,4511,4511,1.0
GENE_000286,8.452753469297273,1.5223508250391513,3.5451,14.913,8.3658,4511,4511,1.0
GENE_000287,8.45160977610286,1.4910869015943302,3.5444,14.809,8.3742,4511,4511,1.0
GENE_000288,8.38984852582576,1.183094806906999,3.5363,14.835,8.3775,4511,4511,1.0
GENE_000289,8.359483285302593,1.1958296399869561,3.5625,14.828,8.3579,4511,4511,1.0
GENE_000290,8.378748481489692,1.1735829372973785,3.5457,14.914,8.4037,4511,4511,1.0
GENE_000291,8.35341979605409,1.3113873113292451,3.5435,14.89,8.2846,4511,4511,1.0
GENE_000292,8.436981445355796,1.3195402144468984,3.5455,14.916,8.3469,4511,4511,1.0
GENE_000293,8.345935247173575,1.3595509637397556,3.5273,14.88,8.2431,4511,4511,1.0
GENE_000294,8.312852272223454,1.3097752160486213,3.5254,14.901,8.2102,4511,4511,1.0
GENE_000295,8.395393194413655,1.323176778185136,3.5597,14.926,8.3285,4511,4511,1.0
GENE_000296,8.391835801374418,1.32496153669714,3.5334,14.873,8.3146,4511,4511,1.0
GENE_000297,8.316080558634448,1.1475460447925683,3.5344,14.966,8.3587,4511,4511,1.0
GENE_000298,8.312649944579915,1.1104646255361177,3.5376,14.832,8.3209,4511,4511,1.0
GENE_000299,8.282637619153181,1.0948109707534204,3.5459,14.812,8.2791,4511,4511,1.0
GENE_000300,8.346360718244293,1.0718372546173454,3.537,14.864,8.3893,4511,4511,1.0
GENE_000301,8.279848791842163,1.1371603203681155,3.564,14.826,8.3191,4511,4511,1.0
GENE_000302,8.317946220350255,1.1041523500407253,3.5289,14.856,8.3434,4511,4511,1.0
GENE_000303,8.458727222345379,1.331834492217449,3.6359,14.796,8.4532,4511,4511,1.0
GENE_000304,8.503248880514299,1.2336001435662278,3.5658,14.831,8.5337,4511,4511,1.0
GENE_000305,8.443757991576147,1.2219173152746214,3.6947,14.822,8.4686,4511,4511,1.0
GENE_000306,8.567260496563955,1.4963810174066954,3.7269,14.825,8.4605,4511,4511,1.0
GENE_000307,8.582522168033696,1.558837559189098,3.6126,14.787,8.4683,4511,4511,1.0
GENE_000308,8.590809776102859,1.6192234228411333,3.5621,14.816,8.4455,4511,4511,1.0
GENE_000309,8.576381689204169,1.6282053849514249,3.598,14.786,8.3955,4511,4511,1.0
GENE_000310,8.565759277322103,1.629078914821507,3.6255,14.725,8.4056,4511,4511,1.0
GENE_000311,8.480022744402572,1.5925273702512013,3.5158,14.581,8.3353,4511,4511,1.0
GENE_000312,8.527763201064065,1.5946157231707752,3.6307,14.692,8.348,4511,4511,1.0
GENE_000313,8.5757122367546,1.5859885157510225,3.649,14.383,8.3908,4511,4511,1.0
GENE_000314,8.600774462425182,1.569860081276193,3.6744,14.729,8.4857,4511,4511,1.0
GENE_000315,8.607048370649522,1.57447590518985,3.626,14.572,8.4534,4511,4511,1.0
GENE_000316,8.619948902682331,1.534103777265979,3.6881,14.702,8.5202,4511,4511,1.0
GENE_000317,8.602605453336288,1.5464278620643526,3.5965,14.804,8.4903,4511,4511,1.0
GENE_000318,8.600471159388164,1.5594989207519738,3.6486,14.609,8.4879,4511,4511,1.0
GENE_000319,8.61498547993793,1.5401060825543247,3.5534,14.799,8.4991,4511,4511,1.0
GENE_000320,8.63448332963866,1.5723538455273525,3.5857,14.716,8.5162,4511,4511,1.0
GENE_000321,8.659845333628908,1.5701903360382352,3.6968,14.709,8.5397,4511,4511,1.0
GENE_000322,8.46207858567945,1.3692951833568923,3.5385,14.779,8.3634,4511,4511,1.0
GENE_000323,8.468076058523609,1.4211129504531037,3.5786,14.821,8.3667,4511,4511,1.0
GENE_000324,8.554609310574152,1.4512987247721494,3.5707,14.772,8.4559,4511,4511,1.0
GENE_000325,8.64830791398803,1.5254987927872798,3.6595,14.796,8.5325,4511,4511,1.0
GENE_000326,8.599349700731546,1.5628605097908315,3.506,14.705,8.4654,4511,4511,1.0
GENE_000327,8.592176812236755,1.5031185432134855,3.7753,14.854,8.5072,4511,4511,1.0
GENE_000328,8.587483772999336,1.5187423568486105,3.6935,14.726,8.461,4511,4511,1.0
GENE_000329,8.545089647528263,1.5042580036366022,3.6841,14.658,8.4047,4511,4511,1.0
GENE_000330,8.590701773442696,1.503144515788475,3.6335,14.679,8.4628,4511,4511,1.0
GENE_000331,8.549277233429395,1.523436080127168,3.7119,14.742,8.3823,4511,4511,1.0
GENE_000332,8.585375349146531,1.526061710750812,3.6522,14.796,8.4274,4511,4511,1.0
GENE_000333,8.595785346929729,1.5880146980602248,3.618,14.674,8.417,4511,4511,1.0
GENE_000334,8.614567257814231,1.5527389170586774,3.5896,14.598,8.4429,4511,4511,1.0
GENE_000335,8.62961649301707,1.5389760227406053,3.6912,14.671,8.4745,4511,4511,1.0
GENE_000336,8.591152094879185,1.5690932815324483,3.5876,14.792,8.4262,4511,4511,1.0
GENE_000337,8.648136776767899,1.5098477804355621,3.6271,14.842,8.5047,4511,4511,1.0
GENE_000338,8.595626313455996,1.5661143794083139,3.5963,14.901,8.4387,4511,4511,1.0
GENE_000339,8.59538062513855,1.5178861031670738,3.5141,14.72,8.4355,4511,4511,1.0
GENE_000340,8.625777809798272,1.5167843107629593,3.7263,14.818,8.4776,4511,4511,1.0
GENE_000341,8.632395898913767,1.5288551670243515,3.6327,14.836,8.4779,4511,4511,1.0
GENE_000342,8.639728663267569,1.4742884015035682,3.5809,14.624,8.506,4511,4511,1.0
GENE_000343,8.648648481489692,1.4729899093172962,3.628,14.842,8.5241,4511,4511,1.0
GENE_000344,8.619610352471737,1.5395467271718564,3.6911,14.802,8.4457,4511,4511,1.0
GENE_000345,8.611979139880294,1.5342511917626362,3.6495,14.721,8.4627,4511,4511,1.0
GENE_000346,8.572454422522721,1.5725976930492662,3.6677,14.82,8.4014,4511,4511,1.0
GENE_000347,8.591475459986698,1.5617225454736414,3.6146,14.738,8.4333,4511,4511,1.0
GENE_000348,8.66251906450898,1.5742352798948867,3.5647,14.765,8.5038,4511,4511,1.0
GENE_000349,8.611802970516514,1.570124880434575,3.6328,14.926,8.4594,4511,4511,1.0
GENE_000350,8.622904123254267,1.5254106999441361,3.6589,14.914,8.4686,4511,4511,1.0
GENE_000351,8.595085103081356,1.5218825547309625,3.6353,14.782,8.4253,4511,4511,1.0
GENE_000352,8.668847151407672,1.4912390219274192,3.5907,14.572,8.5183,4511,4511,1.0
GENE_000353,8.592488627798716,1.5356257141956908,3.6672,14.849,8.4367,4511,4511,1.0
GENE_000354,8.570021015295946,1.5450594047110213,3.5953,14.733,8.4203,4511,4511,1.0
GENE_000355,8.610037264464642,1.5394877619184373,3.8568,14.797,8.4619,4511,4511,1.0
GENE_000356,8.604316692529373,1.5352642036024953,3.6343,14.704,8.4474,4511,4511,1.0
GENE_000357,8.645489226335624,1.5437860986701153,3.6506,14.89,8.5033,4511,4511,1.0
GENE_000358,8.647596231434271,1.5252046484775272,3.6073,14.915,8.5134,4511,4511,1.0
GENE_000359,8.659771159388162,1.5389656538756258,3.5958,14.885,8.5162,4511,4511,1.0
GENE_000360,8.620335956550655,1.5381854360837026,3.6712,14.799,8.4494,4511,4511,1.0
GENE_000361,8.665648370649523,1.5438354991672623,3.7054,14.588,8.5053,4511,4511,1.0
GENE_000362,8.558314187541567,1.5797925734209286,3.64,14.597,8.3751,4511,4511,1.0
GENE_000363,8.625608845045445,1.5610866372389758,3.6152,14.695,8.4572,4511,4511,1.0
GENE_000364,8.607271358900466,1.55204803380331,3.6212,14.655,8.43,4511,4511,1.0
GENE_000365,8.549729017956107,1.5838941537719284,3.535,14.662,8.3905,4511,4511,1.0
GENE_000366,8.629223320771446,1.5765708511745022,3.5623,14.6,8.4516,4511,4511,1.0
GENE_000367,8.621221458656617,1.5433021846411472,3.653,14.641,8.4434,4511,4511,1.0
GENE_000368,8.62894331633784,1.5402499793552236,3.5646,14.823,8.4861,4511,4511,1.0
GENE_000369,8.650439104411438,1.5461905234402689,3.6566,14.88,8.4969,4511,4511,1.0
GENE_000370,8.618943227665707,1.5419917356733255,3.5384,14.769,8.4552,4511,4511,1.0
GENE_000371,8.627769297273332,1.5584336374303618,3.5767,14.781,8.4735,4511,4511,1.0
GENE_000372,8.652048215473288,1.5743066019576477,3.6215,14.76,8.485,4511,4511,1.0
GENE_000373,8.644315318111284,1.5384719704544347,3.6158,14.72,8.4936,4511,4511,1.0
GENE_000374,8.630040301485257,1.4492250730288956,3.6928,14.783,8.5033,4511,4511,1.0
GENE_000375,8.440830436710264,1.2468842075421314,3.5479,14.855,8.3698,4511,4511,1.0
GENE_000376,8.28573400576369,1.2899558219513354,3.5322,14.906,8.1858,4511,4511,1.0
GENE_000377,8.298927554865884,1.315755988245616,3.5226,14.894,8.1734,4511,4511,1.0
GENE_000378,8.412565972068279,1.2404262012942826,3.6027,14.935,8.38,4511,4511,1.0
GENE_000379,8.351670228330747,1.3033391292074397,3.5307,14.904,8.2352,4511,4511,1.0
GENE_000380,8.26108421636001,1.2869926207728506,3.5347,14.88,8.1558,4511,4511,1.0
GENE_000381,8.444051474174241,1.417299280517714,3.5274,15.016,8.3383,4511,4511,1.0
GENE_000382,8.434809687430725,1.4185199684364396,3.6009,15.05,8.311,4511,4511,1.0
GENE_000383,8.474548725338062,1.3618817749928542,3.5333,14.909,8.4094,4511,4511,1.0
GENE_000384,8.348233761915319,1.307282794306586,3.5435,14.89,8.2838,4511,4511,1.0
GENE_000385,8.431691243626691,1.3187016952806914,3.5455,14.916,8.3454,4511,4511,1.0
GENE_000386,8.343456705830192,1.3491787550000116,3.5273,14.88,8.2431,4511,4511,1.0
GENE_000387,8.309969563289737,1.300731815291166,3.5254,14.901,8.2091,4511,4511,1.0
GENE_000388,8.400793172245622,1.3240227646797387,3.5597,14.926,8.3346,4511,4511,1.0
GENE_000389,8.391357282199069,1.322935175984716,3.5334,14.873,8.3146,4511,4511,1.0
GENE_000390,8.498873088007095,1.4884549083403573,3.5879,14.9,8.4404,4511,4511,1.0
GENE_000391,8.530266437596985,1.4971551667157443,3.6192,14.855,8.465,4511,4511,1.0
GENE_000392,8.502463976945245,1.4044173177570907,3.7668,14.927,8.4644,4511,4511,1.0
GENE_000393,8.5219836843272,1.4312348267055903,3.6352,14.893,8.4991,4511,4511,1.0
GENE_000394,8.586431456439813,1.4169640965964991,3.6974,14.955,8.5409,4511,4511,1.0
GENE_000395,8.510350609620927,1.404910895506875,3.6404,14.937,8.457,4511,4511,1.0
GENE_000396,8.449403569053425,1.5236663469295137,3.5451,14.913,8.364,4511,4511,1.0
GENE_000397,8.450198248725338,1.4917007777115738,3.5444,14.809,8.3742,4511,4511,1.0
GENE_000398,8.390196142762138,1.1825515169469174,3.5363,14.835,8.3762,4511,4511,1.0
GENE_000399,8.359455176235867,1.1943848388766913,3.5625,14.828,8.3576,4511,4511,1.0
GENE_000400,8.373743405009975,1.1697697661869144,3.5457,14.914,8.3987,4511,4511,1.0
GENE_000401,8.314764508978055,1.1472652991393437,3.5344,14.966,8.3515,4511,4511,1.0
GENE_000402,8.310230547550432,1.1062297765779516,3.5376,14.832,8.3259,4511,4511,1.0
GENE_000403,8.283007603635557,1.0869026099736117,3.5459,14.812,8.2818,4511,4511,1.0
GENE_000404,8.348419574373754,1.0719508565780016,3.537,14.864,8.3874,4511,4511,1.0
GENE_000405,8.27796982930614,1.127484547866227,3.564,14.826,8.3216,4511,4511,1.0
GENE_000406,8.319339436931944,1.1038533410003937,3.5289,14.856,8.3445,4511,4511,1.0
GENE_000407,8.57730432276657,1.6036523577564592,3.617,14.698,8.4815,4511,4511,1.0
GENE_000408,8.523529372644647,1.538142416217436,3.5597,14.713,8.3861,4511,4511,1.0
GENE_000409,8.608690667257815,1.5354987181038902,3.6635,14.547,8.4522,4511,4511,1.0
GENE_000410,8.359147240079805,1.4557585592562052,3.5474,14.711,8.2015,4511,4511,1.0
GENE_000411,8.441575792507203,1.4459195893508092,3.5454,14.725,8.2862,4511,4511,1.0
GENE_000412,8.496011372201286,1.5516513603745659,3.5724,14.759,8.3149,4511,4511,1.0
GENE_000413,8.459868521392153,1.501539498955862,3.5795,14.746,8.2856,4511,4511,1.0
GENE_000414,8.24928920416759,1.162615415167066,3.5434,14.709,8.2146,4511,4511,1.0
GENE_000415,8.55221194857016,1.6123656202041774,3.5739,14.922,8.4049,4511,4511,1.0
GENE_000416,8.58906725781423,1.63151876201871,3.5765,14.653,8.4256,4511,4511,1.0
GENE_000417,8.52014169807138,1.5543299998236522,3.6548,14.866,8.3872,4511,4511,1.0
GENE_000418,8.537078918199956,1.5600120507952535,3.5301,14.836,8.3877,4511,4511,1.0
GENE_000419,8.446975615162936,1.578774919831673,3.6219,14.794,8.3071,4511,4511,1.0
GENE_000420,8.575690911106184,1.5713851974215896,3.5691,14.83,8.4219,4511,4511,1.0
GENE_000421,8.521539348259811,1.4626194617168318,3.6238,14.697,8.3893,4511,4511,1.0
GENE_000422,8.546094613167812,1.502754095634607,3.5825,14.884,8.4014,4511,4511,1.0
GENE_000423,8.595198891598315,1.4698941968270143,3.5454,14.759,8.4851,4511,4511,1.0
GENE_000424,8.457117889603191,1.5546297513091343,3.5771,14.818,8.3137,4511,4511,1.0
GENE_000425,8.592187120372424,1.5229740513009649,3.6206,14.722,8.4704,4511,4511,1.0
GENE_000426,8.552377432941698,1.5124845826619027,3.6092,14.874,8.4395,4511,4511,1.0
GENE_000427,8.657505275992017,1.492643807308916,3.6335,14.767,8.506,4511,4511,1.0
GENE_000428,8.482504522278875,1.553448213697611,3.5696,14.807,8.3334,4511,4511,1.0
GENE_000429,8.42444637552649,1.3741045286586895,3.5738,14.915,8.2722,4511,4511,1.0
GENE_000430,8.48624457991576,1.3106404206479125,3.5863,14.87,8.3909,4511,4511,1.0
GENE_000431,8.492294347151407,1.340982962132096,3.6204,14.864,8.3837,4511,4511,1.0
GENE_000432,8.486467257814233,1.586306150741064,3.5785,14.747,8.2758,4511,4511,1.0
GENE_000433,8.462650188428286,1.5721253484887359,3.5667,14.595,8.244,4511,4511,1.0
GENE_000434,8.453205608512524,1.5521418299102077,3.5371,14.601,8.3052,4511,4511,1.0
GENE_000435,8.633421502992684,1.5416247179866323,3.6468,14.573,8.4988,4511,4511,1.0
GENE_000436,8.609698758590113,1.5921075424679643,3.6578,14.632,8.4766,4511,4511,1.0
GENE_000437,8.550415805808024,1.584232801298537,3.6186,14.677,8.4133,4511,4511,1.0
GENE_000438,8.580430325870095,1.589657155826774,3.6314,14.687,8.4398,4511,4511,1.0
GENE_000439,8.585678918199957,1.5989242965030959,3.583,14.627,8.4263,4511,4511,1.0
GENE_000440,8.602988627798712,1.6067912629695698,3.5708,14.74,8.4204,4511,4511,1.0
GENE_000441,8.576961383285303,1.6103956365282466,3.5437,14.693,8.3969,4511,4511,1.0
GENE_000442,8.538889159831523,1.6013659980572543,3.581,14.399,8.3333,4511,4511,1.0
GENE_000443,8.638434338284194,1.6435722217974116,3.6831,14.71,8.464,4511,4511,1.0
GENE_000444,8.55127408556861,1.6940854976212647,3.5523,14.852,8.3854,4511,4511,1.0
GENE_000445,8.555178563511417,1.6338600577822466,3.6657,14.484,8.3667,4511,4511,1.0
GENE_000446,8.58964096652627,1.6303986451939962,3.7224,14.562,8.4135,4511,4511,1.0
GENE_000447,8.609137087120372,1.6467093567710898,3.5524,14.801,8.4615,4511,4511,1.0
GENE_000448,8.643178607847485,1.667081359697384,3.6011,14.844,8.5063,4511,4511,1.0
GENE_000449,8.598184371536243,1.57094841032269,3.7272,14.36,8.4538,4511,4511,1.0
GENE_000450,8.562941498559079,1.6012271813254368,3.6553,14.591,8.4165,4511,4511,1.0
GENE_000451,8.615533784083352,1.6383865588024675,3.6279,14.672,8.4575,4511,4511,1.0
GENE_000452,8.573994103303038,1.6707970004067894,3.6276,14.807,8.4043,4511,4511,1.0
GENE_000453,8.553053912657946,1.604567083860756,3.8791,14.291,8.3911,4511,4511,1.0
GENE_000454,8.592147284415871,1.5706869362971723,3.6411,14.521,8.4357,4511,4511,1.0
GENE_000455,8.63634265129683,1.6390697407752457,3.6611,14.742,8.4829,4511,4511,1.0
GENE_000456,8.611473154511195,1.6515516917180135,3.6926,14.718,8.4598,4511,4511,1.0
GENE_000457,8.607806916426512,1.583197891813891,3.6365,14.211,8.4093,4511,4511,1.0
GENE_000458,8.576088007093771,1.525187220444109,3.6432,14.549,8.4203,4511,4511,1.0
GENE_000459,8.611891088450454,1.613729211292758,3.6554,14.785,8.472,4511,4511,1.0
GENE_000460,8.58643240966526,1.6539396497958065,3.6683,14.825,8.4208,4511,4511,1.0
GENE_000461,8.575662802039458,1.602739989559328,3.6412,14.811,8.4043,4511,4511,1.0
GENE_000462,8.568574839281757,1.560760854352025,3.6945,14.597,8.3909,4511,4511,1.0
GENE_000463,8.619526158279761,1.6436301814283798,3.5665,14.85,8.4768,4511,4511,1.0
GENE_000464,8.639602660164044,1.6202048068375037,3.6243,14.698,8.5127,4511,4511,1.0
GENE_000465,8.585825448902682,1.626338637350446,3.6476,14.571,8.4072,4511,4511,1.0
GENE_000466,8.58474194191975,1.653980413645777,3.7017,14.481,8.4197,4511,4511,1.0
GENE_000467,8.658497495012192,1.6490132921077523,3.6535,14.847,8.518,4511,4511,1.0
GENE_000468,8.712968299711815,1.5945900950856309,3.6761,14.56,8.5738,4511,4511,1.0
GENE_000469,8.67745903347373,1.6156636635150796,3.6053,14.829,8.5401,4511,4511,1.0
GENE_000470,8.645260984260695,1.5987314195306566,3.7049,14.895,8.5157,4511,4511,1.0
GENE_000471,8.620019574373751,1.6182485723893787,3.6359,14.895,8.4876,4511,4511,1.0
GENE_000472,8.623515628463757,1.6117208548345743,3.549,15.18,8.4896,4511,4511,1.0
GENE_000473,8.604768432720018,1.5993234344715421,3.7238,14.801,8.4568,4511,4511,1.0
GENE_000474,8.617506495233874,1.6343714231235105,3.6786,14.88,8.4838,4511,4511,1.0
GENE_000475,8.609563356240303,1.5842846612618924,3.6988,14.86,8.4617,4511,4511,1.0
GENE_000476,8.605295189536688,1.626669041386488,3.6172,14.903,8.4585,4511,4511,1.0
GENE_000477,8.623270405675017,1.6247295276062548,3.6216,14.816,8.4802,4511,4511,1.0
GENE_000478,8.546122168033696,1.6602214452890327,3.6583,14.913,8.397,4511,4511,1.0
GENE_000479,8.67186202615828,1.6310911863387352,3.6738,14.936,8.5359,4511,4511,1.0
GENE_000480,8.64554395921082,1.6428874699452423,3.7002,14.91,8.5076,4511,4511,1.0
GENE_000481,8.640355264908004,1.6344356297670417,3.6316,14.85,8.492,4511,4511,1.0
GENE_000482,8.662124939037907,1.6190253000591328,3.6207,14.813,8.5148,4511,4511,1.0
GENE_000483,8.591082132564841,1.6466483474055043,3.7985,15.051,8.4422,4511,4511,1.0
GENE_000484,8.62328614497894,1.654846271012455,3.671,14.917,8.4823,4511,4511,1.0
GENE_000485,8.61466754599867,1.5932978704108014,3.6171,14.843,8.4725,4511,4511,1.0
GENE_000486,8.606588295278208,1.5780657987457853,3.5835,14.868,8.4717,4511,4511,1.0
GENE_000487,8.61895284859233,1.6187492493649194,3.6374,15.201,8.4792,4511,4511,1.0
GENE_000488,8.642165728219908,1.525054096441671,3.6374,14.782,8.5187,4511,4511,1.0
GENE_000489,8.480945067612502,1.2897150407696767,3.6151,14.82,8.4698,4511,4511,1.0
GENE_000490,8.425450232764355,1.5598787705452042,3.5242,14.71,8.3469,4511,4511,1.0
GENE_000491,8.358755686100643,1.4924582222554004,3.527,14.665,8.3006,4511,4511,1.0
GENE_000492,8.421218155619597,1.5437362543613147,3.577,14.764,8.3452,4511,4511,1.0
GENE_000493,8.489616714697407,1.5834578668316306,3.5285,14.68,8.3866,4511,4511,1.0
GENE_000494,8.521970472179119,1.5527246643236101,3.5703,14.723,8.4191,4511,4511,1.0
GENE_000495,8.484246530702727,1.5619188838168807,3.566,14.705,8.3902,4511,4511,1.0
GENE_000496,8.465550498780757,1.3382337417126267,3.6164,14.954,8.4276,4511,4511,1.0
GENE_000497,8.54308842828641,1.487336431341164,3.5229,14.862,8.3922,4511,4511,1.0
GENE_000498,8.40412387497229,1.4059599349477196,3.5326,14.916,8.2592,4511,4511,1.0
GENE_000499,8.323099290622922,1.2343226457220537,3.5252,14.834,8.2703,4511,4511,1.0
GENE_000500,8.531840146309023,1.5716341193779153,3.5293,14.868,8.4096,4511,4511,1.0
GENE_000501,8.49050576368876,1.5998319280065676,3.6865,14.856,8.3599,4511,4511,1.0
GENE_000502,8.555742385280425,1.5230226330300993,3.5947,14.979,8.4378,4511,4511,1.0
GENE_000503,8.577191886499667,1.5597146756000828,3.564,14.9,8.4478,4511,4511,1.0
GENE_000504,8.642596519618712,1.5499176810152153,3.5819,14.551,8.5156,4511,4511,1.0
GENE_000505,8.603750011084017,1.5111657061548298,3.6343,14.854,8.4831,4511,4511,1.0
GENE_000506,8.668462314342717,1.42603871697404,3.5845,14.671,8.5933,4511,4511,1.0
GENE_000507,8.596035646198183,1.5088369206362113,3.6087,14.8,8.5022,4511,4511,1.0
GENE_000508,8.599284726224784,1.4879773207595672,3.6279,14.708,8.5009,4511,4511,1.0
GENE_000509,8.60566586122811,1.5199010375287099,3.6356,14.842,8.4827,4511,4511,1.0
GENE_000510,8.565467346486367,1.5343713186192451,3.6921,14.812,8.4309,4511,4511,1.0
GENE_000511,8.586005497672357,1.5235357878722904,3.6715,14.718,8.4539,4511,4511,1.0
GENE_000512,8.601641365550874,1.5417868731125774,3.7172,14.731,8.4881,4511,4511,1.0
GENE_000513,8.620514143205497,1.4405661076667882,3.6375,14.785,8.5001,4511,4511,1.0
GENE_000514,8.485546796719131,1.4291281374521585,3.722,14.778,8.3528,4511,4511,1.0
GENE_000515,8.565994945688319,1.4125981167331179,3.7242,14.816,8.415,4511,4511,1.0
GENE_000516,8.664163511416536,1.4654157426104242,3.6299,14.655,8.5683,4511,4511,1.0
GENE_000517,8.192269784970073,1.1792322584083617,3.5344,14.818,8.134,4511,4511,1.0
GENE_000518,8.443259875859011,1.348657633845532,3.5925,14.799,8.3068,4511,4511,1.0
GENE_000519,8.519820594103303,1.4595188161437949,3.6714,14.781,8.4147,4511,4511,1.0
GENE_000520,8.629244646419862,1.5814687378944672,3.4941,14.825,8.4716,4511,4511,1.0
GENE_000521,8.550673863888273,1.4355613432171292,3.7121,14.804,8.4574,4511,4511,1.0
GENE_000522,8.498812037242296,1.5507011389113399,3.6035,14.697,8.341,4511,4511,1.0
GENE_000523,8.512506938594546,1.496627923145854,3.6102,14.764,8.4139,4511,4511,1.0
GENE_000524,8.613670738195522,1.45208504170108,3.7176,14.772,8.5003,4511,4511,1.0
GENE_000525,8.598348902682332,1.50009178950731,3.5696,14.744,8.4809,4511,4511,1.0
GENE_000526,8.561707071602749,1.5661970370349139,3.6475,14.779,8.4361,4511,4511,1.0
GENE_000527,8.607643538018179,1.547128588524549,3.5675,14.823,8.4836,4511,4511,1.0
GENE_000528,8.550263201064066,1.572961949174294,3.5993,14.762,8.4203,4511,4511,1.0
GENE_000529,8.64035530924407,1.5536670204452256,3.5601,14.639,8.513,4511,4511,1.0
GENE_000530,8.223467834183108,1.2254336232599987,3.5443,14.906,8.2125,4511,4511,1.0
GENE_000531,8.235636422079361,1.2413811622709638,3.5344,14.93,8.2363,4511,4511,1.0
GENE_000532,8.15570259365994,1.243632071826435,3.5332,14.866,8.1791,4511,4511,1.0
GENE_000533,8.155141875415651,1.1146791718773774,3.5042,14.774,8.1935,4511,4511,1.0
GENE_000534,8.15899736200399,1.083633824148097,3.5266,14.853,8.177,4511,4511,1.0
GENE_000535,8.129225958767458,1.0899511913206241,3.5352,14.909,8.161,4511,4511,1.0
GENE_000536,8.492809399246287,1.5525596394371444,3.6335,14.765,8.3643,4511,4511,1.0
GENE_000537,8.576783972511638,1.5910358761510772,3.6758,14.754,8.457,4511,4511,1.0
GENE_000538,8.558087519397029,1.5394141446911687,3.6947,14.784,8.4332,4511,4511,1.0
GENE_000539,8.611869186433164,1.56894942257062,3.5662,14.731,8.4902,4511,4511,1.0
GENE_000540,8.556349102194636,1.531226079735614,3.6386,14.805,8.4472,4511,4511,1.0
GENE_000541,8.597044402571493,1.5483586921755286,3.6158,14.694,8.4793,4511,4511,1.0
GENE_000542,8.566418798492574,1.547359969415749,3.6889,14.775,8.4463,4511,4511,1.0
GENE_000543,8.580230503214366,1.5181500075193453,3.6502,14.753,8.4861,4511,4511,1.0
GENE_000544,8.557984814896917,1.5410415618806066,3.7362,14.819,8.4266,4511,4511,1.0
GENE_000545,8.484692618044779,1.532904317981127,3.6082,14.907,8.3776,4511,4511,1.0
GENE_000546,8.580669208601195,1.5740788929037004,3.6222,14.747,8.4395,4511,4511,1.0
GENE_000547,8.6445673686544,1.5133128070177564,3.6255,14.565,8.5437,4511,4511,1.0
GENE_000548,8.586226956328975,1.5664048706027183,3.6281,14.71,8.4585,4511,4511,1.0
GENE_000549,8.547275127466193,1.5529704962274198,3.6554,14.666,8.4362,4511,4511,1.0
GENE_000550,8.614855530924407,1.4881491638974766,3.8525,14.829,8.5284,4511,4511,1.0
GENE_000551,8.532297317667922,1.3661636776881783,3.5985,14.778,8.4731,4511,4511,1.0
GENE_000552,8.613533296386612,1.4280781799792301,3.8855,14.827,8.5379,4511,4511,1.0
GENE_000553,8.543386588339613,1.3982626698442444,3.5798,14.803,8.4925,4511,4511,1.0
GENE_000554,8.571182376413212,1.3784018630757076,3.5623,14.783,8.4998,4511,4511,1.0
GENE_000555,8.52130977610286,1.3906217222487194,3.6412,14.791,8.4566,4511,4511,1.0
GENE_000556,8.463118310795833,1.358092782084904,3.5987,14.728,8.3963,4511,4511,1.0
GENE_000557,8.681207492795389,1.4574692471604147,3.6139,14.701,8.5711,4511,4511,1.0
GENE_000558,8.694984903569054,1.4889641561433935,3.6717,14.792,8.5774,4511,4511,1.0
GENE_000559,8.627799534471293,1.4317471882655168,3.6435,14.709,8.5429,4511,4511,1.0
GENE_000560,8.576725803591222,1.5079764015380572,3.6112,14.939,8.406,4511,4511,1.0
GENE_000561,8.594268743072488,1.457306326777221,3.733,14.929,8.4787,4511,4511,1.0
GENE_000562,8.554165595211705,1.500456090370826,3.6969,14.956,8.4206,4511,4511,1.0
GENE_000563,8.619614387053868,1.5529131369631117,3.8579,14.92,8.4524,4511,4511,1.0
GENE_000564,8.619580403458215,1.519584834555774,3.8058,14.986,8.4691,4511,4511,1.0
GENE_000565,8.569915628463756,1.430413371229316,3.5827,14.905,8.4989,4511,4511,1.0
GENE_000566,8.546298337397472,1.489243226166357,3.5229,14.862,8.3881,4511,4511,1.0
GENE_000567,8.452721502992684,1.3124135999110693,3.6235,14.886,8.4208,4511,4511,1.0
GENE_000568,8.591154954555531,1.541630158943385,3.6056,14.741,8.4532,4511,4511,1.0
GENE_000569,8.65811744624252,1.4837506454267202,3.6979,14.636,8.5444,4511,4511,1.0
GENE_000570,8.65303143427178,1.4689280889137133,3.6887,14.812,8.5473,4511,4511,1.0
GENE_000571,8.635658279760587,1.5116824453782616,3.7079,14.787,8.5104,4511,4511,1.0
GENE_000572,8.676172378630016,1.4847154920451697,3.658,14.871,8.5556,4511,4511,1.0
GENE_000573,8.678062558191089,1.5002846766246976,3.5856,14.681,8.5607,4511,4511,1.0
GENE_000574,8.671937685657282,1.5047914933253559,3.5859,14.694,8.5587,4511,4511,1.0
GENE_000575,8.612918665484374,1.5115281906597982,3.5934,14.722,8.4626,4511,4511,1.0
GENE_000576,8.542570228330748,1.5140309145991002,3.5792,14.839,8.4314,4511,4511,1.0
GENE_000577,8.665548193305254,1.61312454232649,3.6466,14.641,8.4912,4511,4511,1.0
GENE_000578,8.623197162491687,1.5003822364797754,3.6902,14.805,8.4948,4511,4511,1.0
GENE_000579,8.632008978053646,1.5719404961491987,3.5748,14.858,8.4999,4511,4511,1.0
GENE_000580,8.589592751052981,1.579098511879537,3.5781,14.876,8.4349,4511,4511,1.0
GENE_000581,8.598792152516072,1.5625991738709917,3.5304,14.886,8.4715,4511,4511,1.0
GENE_000582,8.597908534692973,1.6083818733260373,3.6481,14.645,8.4535,4511,4511,1.0
GENE_000583,8.581474019064508,1.529948121249569,3.7512,14.697,8.438,4511,4511,1.0
GENE_000584,8.56487517180226,1.5858858380326621,3.5821,14.899,8.3854,4511,4511,1.0
GENE_000585,8.561705497672357,1.6439575376044502,3.5245,14.803,8.3774,4511,4511,1.0
GENE_000586,8.286148193305253,1.3448654625137253,3.5768,14.892,8.1679,4511,4511,1.0
GENE_000587,8.27812753269785,1.3004035429320253,3.5176,14.814,8.158,4511,4511,1.0
GENE_000588,8.504476391044115,1.6541513808454518,3.5717,14.862,8.3302,4511,4511,1.0
GENE_000589,8.541814786078474,1.6638246573762137,3.6411,15.036,8.3542,4511,4511,1.0
GENE_000590,8.556032077144756,1.6017863513558535,3.6633,14.942,8.3833,4511,4511,1.0
GENE_000591,8.589111660385724,1.5827948039137536,3.6991,14.852,8.4334,4511,4511,1.0
GENE_000592,8.555381844380403,1.5202261181299905,3.6701,14.907,8.4288,4511,4511,1.0
GENE_000593,8.66657721126136,1.6051630510071853,3.6708,14.919,8.4959,4511,4511,1.0
GENE_000594,8.653587076036356,1.6290584089602524,3.5515,14.967,8.4812,4511,4511,1.0
GENE_000595,8.687367767679007,1.6117469572699838,3.7099,14.856,8.5334,4511,4511,1.0
GENE_000596,8.616273509199734,1.6369372213183833,3.6396,15.237,8.4885,4511,4511,1.0
GENE_000597,8.589024650853469,1.6194479651700173,3.5228,14.89,8.4692,4511,4511,1.0
GENE_000598,8.636517557082685,1.5967660690808643,3.7207,15.198,8.5038,4511,4511,1.0
GENE_000599,8.65985675016626,1.6025948677836683,3.61,14.938,8.5339,4511,4511,1.0
GENE_000600,8.664671913101309,1.635375225357862,3.6293,14.714,8.5233,4511,4511,1.0
GENE_000601,8.618145510973175,1.6352975277412047,3.6264,14.957,8.4884,4511,4511,1.0
GENE_000602,8.64383209931279,1.6360190046868888,3.6271,14.985,8.5059,4511,4511,1.0
GENE_000603,8.675621990689425,1.6273314497915985,3.7451,14.962,8.5364,4511,4511,1.0
GENE_000604,8.691124673021504,1.608168861873025,3.5628,14.973,8.5487,4511,4511,1.0
GENE_000605,8.640344114387053,1.660918296250804,3.7752,14.933,8.5006,4511,4511,1.0
GENE_000606,8.657850942141433,1.6441237122742363,3.6473,14.855,8.4952,4511,4511,1.0
GENE_000607,8.671265794724007,1.5955960266259461,3.675,14.924,8.5222,4511,4511,1.0
GENE_000608,8.6253490800266,1.6065830504061274,3.59,15.069,8.4795,4511,4511,1.0
GENE_000609,8.608244402571492,1.633869807106933,3.664,14.896,8.44,4511,4511,1.0
GENE_000610,8.597311726889824,1.6180210884700628,3.7408,14.884,8.4368,4511,4511,1.0
GENE_000611,8.719623542451785,1.5873779626050102,3.6796,14.769,8.5912,4511,4511,1.0
GENE_000612,8.70164342717801,1.6078537175027765,3.6657,14.97,8.563,4511,4511,1.0
GENE_000613,8.70386171580581,1.6162922384257101,3.6384,14.847,8.557,4511,4511,1.0
GENE_000614,8.625111926402129,1.628225661381435,3.6737,14.893,8.4553,4511,4511,1.0
GENE_000615,8.33487798714254,1.51800158397039,3.5548,14.888,8.2121,4511,4511,1.0
GENE_000616,8.23990425626247,1.328127456570116,3.5546,14.947,8.2207,4511,4511,1.0
GENE_000617,8.257436444247395,1.4173445334492858,3.5476,14.939,8.2028,4511,4511,1.0
GENE_000618,8.34564522278874,1.417493827936566,3.5224,14.698,8.1983,4511,4511,1.0
GENE_000619,8.309292152516072,1.4680455342813197,3.5339,14.772,8.1806,4511,4511,1.0
GENE_000620,8.322085280425625,1.5064948740457367,3.5185,14.894,8.2204,4511,4511,1.0
GENE_000621,8.438186034138772,1.4925752325376955,3.5044,14.489,8.2224,4511,4511,1.0
GENE_000622,8.407468188871647,1.502278414942161,3.5168,14.789,8.2356,4511,4511,1.0
GENE_000623,8.613278563511416,1.6280256473187131,3.6035,15.197,8.4414,4511,4511,1.0
GENE_000624,8.57147475060962,1.5706631785621417,3.6137,14.897,8.4447,4511,4511,1.0
GENE_000625,8.561006096209267,1.672101164019238,3.7791,14.932,8.4154,4511,4511,1.0
GENE_000626,8.568711660385723,1.4602087825255232,3.6996,14.923,8.4741,4511,4511,1.0
GENE_000627,8.64755861228109,1.6230963603893926,3.7816,14.492,8.5003,4511,4511,1.0
GENE_000628,8.644056218133452,1.5337439669934911,3.6938,14.916,8.4907,4511,4511,1.0
GENE_000629,8.567229727333183,1.5754505846502607,3.6952,14.775,8.4293,4511,4511,1.0
GENE_000630,8.562527887386388,1.5583508534435786,3.5877,14.768,8.4174,4511,4511,1.0
GENE_000631,8.544295632897361,1.6206534411882971,3.7451,14.764,8.3798,4511,4511,1.0
GENE_000632,8.561332187984926,1.5626768520733365,3.6618,14.781,8.4107,4511,4511,1.0
GENE_000633,8.559777698958102,1.6071645510108274,3.5887,14.806,8.4113,4511,4511,1.0
GENE_000634,8.612042097095987,1.5483906282674205,3.6453,14.719,8.4764,4511,4511,1.0
GENE_000635,8.557298160053202,1.51946450058852,3.7836,14.796,8.4237,4511,4511,1.0
GENE_000636,8.522011638217691,1.476664114082129,3.6091,14.775,8.3906,4511,4511,1.0
GENE_000637,8.525955397916205,1.511369460161873,3.7011,14.616,8.3538,4511,4511,1.0
GENE_000638,8.51829226335624,1.5385311031533573,3.5554,14.94,8.285,4511,4511,1.0
GENE_000639,8.507202593659942,1.5923234429509285,3.5951,14.866,8.2539,4511,4511,1.0
GENE_000640,8.531889226335624,1.5002262359233152,3.572,14.908,8.3322,4511,4511,1.0
GENE_000641,8.515350786965197,1.618228568645419,3.7408,14.675,8.2882,4511,4511,1.0
GENE_000642,8.567839525604079,1.5970172262810025,3.6461,14.834,8.3969,4511,4511,1.0
GENE_000643,8.570238129017955,1.5459043186244952,3.7355,15.281,8.4326,4511,4511,1.0
GENE_000644,8.574649146530703,1.5540203037248133,3.559,14.925,8.4071,4511,4511,1.0
GENE_000645,8.54653400576369,1.5664302079724692,3.6135,14.788,8.4071,4511,4511,1.0
GENE_000646,8.554768477056086,1.5393729928099882,3.6644,14.815,8.4112,4511,4511,1.0
GENE_000647,8.606044912436268,1.5980699958251845,3.5754,14.789,8.4344,4511,4511,1.0
GENE_000648,8.58911409886943,1.4908408433454547,3.4599,14.811,8.4767,4511,4511,1.0
GENE_000649,8.485175836843272,1.1805617648259688,3.8327,14.951,8.5355,4511,4511,1.0
GENE_000650,8.527262203502548,1.3690809670288469,3.5885,14.961,8.448,4511,4511,1.0
GENE_000651,8.39225675016626,1.2942387123510508,3.5847,14.946,8.3799,4511,4511,1.0
GENE_000652,8.628199645311462,1.562133818119186,3.6756,14.768,8.4895,4511,4511,1.0
GENE_000653,8.62920299268455,1.5520880042846337,3.5995,14.823,8.5098,4511,4511,1.0
GENE_000654,8.617143870538683,1.569485259367563,3.4887,14.81,8.4881,4511,4511,1.0
GENE_000655,8.550988095765906,1.4940923182570298,3.5229,14.862,8.3946,4511,4511,1.0
GENE_000656,8.359731921968523,1.2606982161538811,3.5599,14.785,8.3029,4511,4511,1.0
GENE_000657,8.585047306583906,1.3802511365356422,3.6394,14.81,8.5248,4511,4511,1.0
GENE_000658,8.518854067834186,1.3384844959914561,3.6163,14.803,8.4672,4511,4511,1.0
GENE_000659,8.410161028596765,1.49921184227422,3.5594,14.734,8.2424,4511,4511,1.0
GENE_000660,8.4368225005542,1.492548554800132,3.5044,14.489,8.2195,4511,4511,1.0
GENE_000661,8.291890201729109,1.3490906621030314,3.5768,14.892,8.1691,4511,4511,1.0
GENE_000662,8.422055242739969,1.5420418028931504,3.5841,14.737,8.2386,4511,4511,1.0
GENE_000663,8.51300179561073,1.5270681628398521,3.55,14.679,8.3284,4511,4511,1.0
GENE_000664,8.362767834183106,1.4924012163042244,3.5539,14.842,8.2092,4511,4511,1.0
GENE_000665,8.486003879405896,1.4966214149673347,3.6811,14.658,8.3738,4511,4511,1.0
GENE_000666,8.50700450011084,1.5054407905240033,3.5145,14.789,8.3935,4511,4511,1.0
GENE_000667,8.651177233429395,1.4449533422823455,3.6083,14.727,8.5561,4511,4511,1.0
GENE_000668,8.51999148747506,1.4909984134118655,3.626,14.813,8.4128,4511,4511,1.0
GENE_000669,8.562741919751717,1.5262234125036456,3.5872,14.759,8.4513,4511,4511,1.0
GENE_000670,8.67354830414542,1.324932491289841,3.5713,14.894,8.6152,4511,4511,1.0
GENE_000671,8.416591531811129,1.4157881638255405,3.7021,14.923,8.3403,4511,4511,1.0
GENE_000672,8.605131434271781,1.2747691510072647,3.5017,14.805,8.5648,4511,4511,1.0
GENE_000673,8.690451629350477,1.333822466905074,3.5414,14.843,8.6228,4511,4511,1.0
GENE_000674,8.249979649745066,1.4829304095275402,3.6208,14.815,8.2676,4511,4511,1.0
GENE_000675,8.659836399911327,1.2340537709019868,3.6795,14.845,8.6524,4511,4511,1.0
GENE_000676,8.685805409000222,1.5280551727124319,3.587,14.62,8.5707,4511,4511,1.0
GENE_000677,8.64242172467302,1.4774351556441507,3.6758,14.739,8.5518,4511,4511,1.0
GENE_000678,8.623824407005099,1.485929186875539,3.5499,14.684,8.5033,4511,4511,1.0
GENE_000679,8.618971425404567,1.3490934971064734,3.5985,14.903,8.5559,4511,4511,1.0
GENE_000680,8.57365123032587,1.4243618044841417,3.6262,14.862,8.4847,4511,4511,1.0
GENE_000681,8.552317690090888,1.292076764648541,3.7566,14.887,8.5292,4511,4511,1.0
GENE_000682,8.519386787851918,1.531519527467368,3.8914,14.279,8.3766,4511,4511,1.0
GENE_000683,8.47249747284416,1.535801313164926,3.7507,14.971,8.3696,4511,4511,1.0
GENE_000684,8.593512170250499,1.5831589608759258,3.6747,14.847,8.4468,4511,4511,1.0
GENE_000685,8.599046796719133,1.5173346340792204,3.7258,14.624,8.4491,4511,4511,1.0
GENE_000686,8.53481895366881,1.4822813828143488,3.6453,14.922,8.4585,4511,4511,1.0
GENE_000687,8.59303628907116,1.5360964120565226,3.6241,14.902,8.4664,4511,4511,1.0
GENE_000688,8.584276657060519,1.580119683320491,3.8662,14.634,8.4451,4511,4511,1.0
GENE_000689,8.517322411882068,1.4458726557816437,3.7523,14.829,8.468,4511,4511,1.0
GENE_000690,8.609989292839726,1.5925505207114683,3.6566,14.789,8.4858,4511,4511,1.0
GENE_000691,8.59644163156728,1.5912112985239397,3.8384,14.632,8.4249,4511,4511,1.0
GENE_000692,8.512616670361338,1.4288516161462401,3.6112,14.91,8.4736,4511,4511,1.0
GENE_000693,8.618234271780093,1.5794519216005916,3.6267,14.847,8.4954,4511,4511,1.0
GENE_000694,8.516258523608956,1.5783808065486291,3.6804,14.632,8.3631,4511,4511,1.0
GENE_000695,8.482885856794502,1.536699813730888,3.6821,14.818,8.3341,4511,4511,1.0
GENE_000696,8.436462580359123,1.5136301837145651,3.5663,14.667,8.283,4511,4511,1.0
GENE_000697,8.619582575925515,1.5471560491593,3.7407,14.872,8.4783,4511,4511,1.0
GENE_000698,8.48919771669253,1.4166215807176148,3.8542,14.886,8.4334,4511,4511,1.0
GENE_000699,8.4847102637996,1.5453195670060589,3.5469,14.695,8.3746,4511,4511,1.0
GENE_000700,8.672291819995568,1.6109080910874014,3.6992,14.842,8.543,4511,4511,1.0
GENE_000701,8.559342252272222,1.522171453583165,3.7417,14.964,8.4808,4511,4511,1.0
GENE_000702,8.545467834183109,1.5362268536387986,3.6356,14.804,8.4071,4511,4511,1.0
GENE_000703,8.57598519175349,1.4313411882565723,3.5391,14.724,8.5368,4511,4511,1.0
GENE_000704,8.549141653735314,1.5191270942382067,3.9029,14.993,8.495,4511,4511,1.0
GENE_000705,8.452790844602083,1.539936278355405,3.6486,14.735,8.3218,4511,4511,1.0
GENE_000706,8.319054223010419,1.362248874260078,3.5469,14.877,8.1702,4511,4511,1.0
GENE_000707,8.43107792063844,1.4022656455808407,3.5459,14.879,8.2593,4511,4511,1.0
GENE_000708,8.301292972733318,1.4118102574540965,3.5724,14.882,8.1516,4511,4511,1.0
GENE_000709,8.482321746841055,1.4375905703438667,3.5527,14.728,8.3287,4511,4511,1.0
GENE_000710,8.359587585901131,1.5138835298621103,3.5358,14.934,8.2324,4511,4511,1.0
GENE_000711,8.292296985147416,1.4140532638803558,3.5156,14.875,8.1642,4511,4511,1.0
GENE_000712,8.500110707160275,1.5560742096666031,3.5914,14.816,8.3408,4511,4511,1.0
GENE_000713,8.499732032808689,1.5686774466088211,3.5745,14.816,8.3225,4511,4511,1.0
GENE_000714,8.565367324318334,1.4586506101248684,3.6988,14.891,8.4329,4511,4511,1.0
GENE_000715,8.529125692751053,1.4760116685578382,3.8012,14.819,8.3754,4511,4511,1.0
GENE_000716,8.557125471070716,1.5315990657046206,3.5843,14.867,8.4277,4511,4511,1.0
GENE_000717,8.545115872312127,1.475877574715619,3.5538,14.748,8.4282,4511,4511,1.0
GENE_000718,8.568807780979826,1.5122895994888508,3.591,14.866,8.4139,4511,4511,1.0
GENE_000719,8.609581955220573,1.4808749638571685,3.7048,14.692,8.4538,4511,4511,1.0
GENE_000720,8.553150077588116,1.4878999938541542,3.8056,14.86,8.4163,4511,4511,1.0
GENE_000721,8.562589448015961,1.4774958561152154,3.7512,14.664,8.4288,4511,4511,1.0
GENE_000722,8.616353048104633,1.5017884173707396,3.6458,14.83,8.5264,4511,4511,1.0
GENE_000723,8.627184260696076,1.5238541656457048,3.5908,14.819,8.522,4511,4511,1.0
GENE_000724,8.605331811128355,1.4956930219864202,3.6078,14.773,8.5062,4511,4511,1.0
GENE_000725,8.591103657725562,1.5449067784711863,3.6502,14.766,8.4845,4511,4511,1.0
GENE_000726,8.552904278430505,1.5582029312012948,3.6711,14.705,8.4424,4511,4511,1.0
GENE_000727,8.545663600088673,1.5442009924238853,3.5888,14.796,8.4302,4511,4511,1.0
GENE_000728,8.626393659942364,1.531175457118836,3.6532,14.856,8.5105,4511,4511,1.0
GENE_000729,8.535363178896032,1.524952213774514,3.5692,14.823,8.4241,4511,4511,1.0
GENE_000730,8.597871669252937,1.5722213658463615,3.7571,14.749,8.4611,4511,4511,1.0
GENE_000731,8.583404012414098,1.563314019348105,3.6104,14.782,8.4446,4511,4511,1.0
GENE_000732,8.546146508534694,1.5550957385249256,3.639,14.79,8.4213,4511,4511,1.0
GENE_000733,8.568013699844824,1.5855987851784892,3.6552,14.728,8.424,4511,4511,1.0
GENE_000734,8.585648237641323,1.5416835230912542,3.6041,14.801,8.4422,4511,4511,1.0
GENE_000735,8.536487519397028,1.5293335445192693,3.7077,14.746,8.3987,4511,4511,1.0
GENE_000736,8.610581578364,1.5422038126799595,3.6514,14.711,8.4655,4511,4511,1.0
GENE_000737,8.596440811350032,1.4822756288220138,3.5977,14.732,8.4846,4511,4511,1.0
GENE_000738,8.584000820217247,1.550174107506861,3.7042,14.746,8.4269,4511,4511,1.0
GENE_000739,8.625397140323653,1.5565322642119694,3.6228,14.737,8.4713,4511,4511,1.0
GENE_000740,8.536424362669031,1.4464780980123373,3.769,14.752,8.4534,4511,4511,1.0
GENE_000741,8.630697738860563,1.4921235092287475,3.5945,14.637,8.554,4511,4511,1.0
GENE_000742,8.610943183329638,1.487446515290877,3.9434,14.766,8.4943,4511,4511,1.0
GENE_000743,8.55923340722678,1.422263477243114,3.6848,14.655,8.4855,4511,4511,1.0
GENE_000744,8.571788295278209,1.4686969035393496,3.8439,14.63,8.4962,4511,4511,1.0
GENE_000745,8.565901418754157,1.497946291834902,3.6594,14.511,8.4596,4511,4511,1.0
GENE_000746,8.284124495677233,1.3432597853574666,3.5768,14.892,8.168,4511,4511,1.0
GENE_000747,8.397103591221457,1.2477165713785496,3.5443,14.822,8.3648,4511,4511,1.0
GENE_000748,8.362854223010418,1.3614465359148544,3.5561,15.136,8.2289,4511,4511,1.0
GENE_000749,8.348905209487917,1.2967353673042332,3.5417,14.871,8.2587,4511,4511,1.0
GENE_000750,8.317605231655952,1.2637091300736907,3.7079,14.747,8.2336,4511,4511,1.0
GENE_000751,8.534863134559963,1.4923367621390853,3.5519,14.709,8.3956,4511,4511,1.0
GENE_000752,8.55288698736422,1.5776244036944236,3.6585,14.556,8.3954,4511,4511,1.0
GENE_000753,8.589971624916869,1.5241310899608875,3.5537,14.67,8.4471,4511,4511,1.0
GENE_000754,8.620920062070494,1.629521016537682,3.5999,14.78,8.4348,4511,4511,1.0
GENE_000755,8.612729660829084,1.5937006503357436,3.652,14.681,8.4706,4511,4511,1.0
GENE_000756,8.625492485036578,1.6344317230172551,3.6303,14.823,8.4565,4511,4511,1.0
GENE_000757,8.592372422966083,1.625047512292578,3.6161,14.817,8.4494,4511,4511,1.0
GENE_000758,8.619005830192862,1.61730429991606,3.6486,14.735,8.4601,4511,4511,1.0
GENE_000759,8.58020024384837,1.6287879675620414,3.5572,14.84,8.4206,4511,4511,1.0
GENE_000760,8.616187275548658,1.6312413054211536,3.6407,14.71,8.4655,4511,4511,1.0
GENE_000761,8.593813212148083,1.6188704264487255,3.5563,14.88,8.415,4511,4511,1.0
GENE_000762,8.612552449567724,1.5687074006880597,3.6308,14.849,8.444,4511,4511,1.0
GENE_000763,8.559243781866549,1.5351801398117824,3.7211,14.86,8.4224,4511,4511,1.0
GENE_000764,8.60211378851696,1.6596952557063809,3.5847,14.924,8.423,4511,4511,1.0
GENE_000765,8.597630636222567,1.6339071297529937,3.6908,14.842,8.4647,4511,4511,1.0
GENE_000766,8.618835890046554,1.6351041924570293,3.6266,14.94,8.467,4511,4511,1.0
GENE_000767,8.611885014409223,1.5983350278596609,3.5732,14.907,8.4908,4511,4511,1.0
GENE_000768,8.58306652626912,1.6113038750959474,3.6099,14.94,8.4706,4511,4511,1.0
GENE_000769,8.608542739968964,1.6279208988911296,3.6159,14.716,8.455,4511,4511,1.0
GENE_000770,8.593139880292618,1.5819100890391615,3.8228,14.807,8.4548,4511,4511,1.0
GENE_000771,8.612815140767015,1.6033904075887588,3.6177,14.614,8.4786,4511,4511,1.0
GENE_000772,8.585363821769008,1.5821544091362834,3.6433,14.826,8.4507,4511,4511,1.0
GENE_000773,8.585072666814453,1.5847040995206814,3.6944,14.805,8.4226,4511,4511,1.0
GENE_000774,8.56485482154733,1.6618374097891955,3.6954,14.868,8.4179,4511,4511,1.0
GENE_000775,8.605854622035025,1.6187877824960768,3.5927,14.795,8.4684,4511,4511,1.0
GENE_000776,8.59890425626247,1.6339331460633562,3.6547,14.933,8.4437,4511,4511,1.0
GENE_000777,8.54936754599867,1.4934942314685633,3.6317,14.941,8.4357,4511,4511,1.0
GENE_000778,8.541874285080914,1.3460987247885643,3.6694,14.95,8.5001,4511,4511,1.0
GENE_000779,8.563909909111063,1.6285963526157208,3.8243,14.813,8.4161,4511,4511,1.0
GENE_000780,8.573978075814676,1.6385586404262973,3.6692,14.76,8.4144,4511,4511,1.0
GENE_000781,8.635711438705387,1.6033395961294592,3.693,14.801,8.4926,4511,4511,1.0
GENE_000782,8.607920815783642,1.6163372549343034,3.6616,14.895,8.4679,4511,4511,1.0
GENE_000783,8.606835890046552,1.5825347493919768,3.675,14.922,8.4808,4511,4511,1.0
GENE_000784,8.620554333850588,1.5170680540573693,3.5864,14.616,8.4611,4511,4511,1.0
GENE_000785,8.507956838838394,1.4924251761005147,3.6124,14.814,8.3837,4511,4511,1.0
GENE_000786,8.586578896031924,1.4863043275162553,3.5788,14.853,8.4596,4511,4511,1.0
GENE_000787,8.589374927953891,1.5161652719977632,3.6429,14.811,8.4796,4511,4511,1.0
GENE_000788,8.595137286632676,1.5001627355780232,3.6263,14.557,8.4403,4511,4511,1.0
GENE_000789,8.600066459765019,1.549265060396324,3.6329,14.549,8.438,4511,4511,1.0
GENE_000790,8.583694834848147,1.575503225752619,3.6598,14.826,8.4198,4511,4511,1.0
GENE_000791,8.55501864331634,1.5688219429251904,3.6123,14.798,8.4017,4511,4511,1.0
GENE_000792,8.621109000221681,1.5278631053778522,3.6167,14.724,8.4755,4511,4511,1.0
GENE_000793,8.555725737087121,1.5116492396881132,3.5948,14.758,8.4163,4511,4511,1.0
GENE_000794,8.621228153402793,1.485405009972253,3.5198,14.841,8.4813,4511,4511,1.0
GENE_000795,8.568007936156063,1.4611621506239267,3.6434,14.864,8.452,4511,4511,1.0
GENE_000796,8.62961673686544,1.5725618419649106,3.6396,14.906,8.4858,4511,4511,1.0
GENE_000797,8.60072345377965,1.597939010709255,3.6288,14.889,8.4358,4511,4511,1.0
GENE_000798,8.582436577255597,1.5862290320438013,3.6926,14.787,8.4444,4511,4511,1.0
GENE_000799,8.604673176679228,1.551229592746795,3.5972,14.921,8.4034,4511,4511,1.0
GENE_000800,8.515216670361339,1.5660113410985599,3.765,14.908,8.281,4511,4511,1.0
GENE_000801,8.590732963866104,1.5543386321372779,3.6436,14.882,8.453,4511,4511,1.0
GENE_000802,8.524251075149634,1.620321797565439,3.6732,14.725,8.3073,4511,4511,1.0
GENE_000803,8.553318421636002,1.5939311910118716,3.5741,14.736,8.3576,4511,4511,1.0
GENE_000804,8.531708046996233,1.6213387420382341,3.6599,14.671,8.3372,4511,4511,1.0
GENE_000805,8.508074307248947,1.606685109081895,3.5878,14.728,8.3465,4511,4511,1.0
