TF	Gene	Region	importance	rho	importance_x_rho	importance_x_abs_rho	is_extended	eRegulon_name	Gene_signature_name	Region_signature_name
6.891	7.0387	chr4:262000-263000	1.0695962893806452	-0.05264310675488221	0.05630687164649119	0.05630687164649119	True	6.891_extended_-/-	6.891_extended_-/-_(2g)	6.891_extended_-/-_(6r)
6.891	7.0387	chr1:274000-275000	0.028815220381995965	0.18883498563499307	0.005441321726903367	0.005441321726903367	True	6.891_extended_+/+	6.891_extended_+/+_(2g)	6.891_extended_+/+_(6r)
6.891	6.6873	chr4:128000-129000	0.5298586280859117	0.24754139255182445	0.1311619426519858	0.1311619426519858	True	6.891_extended_+/+	6.891_extended_+/+_(2g)	6.891_extended_+/+_(6r)
6.891	6.6873	chr1:21000-22000	0.6786754071306506	0.26647979898735946	0.1808532860698401	0.1808532860698401	True	6.891_extended_+/+	6.891_extended_+/+_(2g)	6.891_extended_+/+_(6r)
6.891	7.0387	chr1:75000-76000	0.026166118999640414	0.10849655337524662	0.002838933726667541	0.002838933726667541	True	6.891_extended_+/+	6.891_extended_+/+_(2g)	6.891_extended_+/+_(6r)
6.891	7.0387	chr1:414000-415000	0.0672105006542189	0.16998959413393552	0.011425085727749277	0.011425085727749277	True	6.891_extended_+/+	6.891_extended_+/+_(2g)	6.891_extended_+/+_(6r)
7.2312	7.4325	chr4:259000-260000	0.0817776932354237	0.3716557303212025	0.030393148303394662	0.030393148303394662	True	7.2312_extended_+/+	7.2312_extended_+/+_(4g)	7.2312_extended_+/+_(14r)
7.2312	7.6232	chr3:387000-388000	0.03639207115612838	0.24267088837543108	0.008831296237279575	0.008831296237279575	True	7.2312_extended_+/+	7.2312_extended_+/+_(4g)	7.2312_extended_+/+_(14r)
7.2312	8.375	chr3:121000-122000	0.3575033849064711	0.3883634188360281	0.1388412368077296	0.1388412368077296	True	7.2312_extended_+/+	7.2312_extended_+/+_(4g)	7.2312_extended_+/+_(14r)
7.2312	7.4325	chr1:453000-454000	0.07460887835412494	0.46918367952766815	0.035005268071620535	0.035005268071620535	True	7.2312_extended_+/+	7.2312_extended_+/+_(4g)	7.2312_extended_+/+_(14r)
7.2312	7.4325	chr3:245000-246000	0.03244589929958238	0.22633187448357622	0.007343541207779833	0.007343541207779833	True	7.2312_extended_+/+	7.2312_extended_+/+_(4g)	7.2312_extended_+/+_(14r)
7.2312	7.0734	chr3:393000-394000	0.6143110657364282	0.10295948334416392	0.06324914994082537	0.06324914994082537	True	7.2312_extended_+/+	7.2312_extended_+/+_(4g)	7.2312_extended_+/+_(14r)
7.2312	7.0734	chr3:98000-99000	0.15447350682897087	0.30602261439706013	0.04727238641488379	0.04727238641488379	True	7.2312_extended_+/+	7.2312_extended_+/+_(4g)	7.2312_extended_+/+_(14r)
7.2312	7.6232	chr4:434000-435000	0.964635528451802	0.11528389937435868	0.11120694519496885	0.11120694519496885	True	7.2312_extended_+/+	7.2312_extended_+/+_(4g)	7.2312_extended_+/+_(14r)
7.2312	7.6232	chr1:124000-125000	0.1351796656927394	0.3406873306265983	0.04605399945985533	0.04605399945985533	True	7.2312_extended_+/+	7.2312_extended_+/+_(4g)	7.2312_extended_+/+_(14r)
7.2312	7.0734	chr4:205000-206000	0.27559717235821585	0.1890729249421742	0.05210796348356039	0.05210796348356039	True	7.2312_extended_+/+	7.2312_extended_+/+_(4g)	7.2312_extended_+/+_(14r)
7.2312	7.0734	chr1:258000-259000	0.09264538690734328	0.26194983682066963	0.024268443982566376	0.024268443982566376	True	7.2312_extended_+/+	7.2312_extended_+/+_(4g)	7.2312_extended_+/+_(14r)
7.2312	7.4325	chr4:401000-402000	0.3636002035764627	0.33031587508861565	0.12010291942675808	0.12010291942675808	True	7.2312_extended_+/+	7.2312_extended_+/+_(4g)	7.2312_extended_+/+_(14r)
7.2312	7.0734	chr2:269000-270000	1.1957238719136074	0.15641022839853003	0.187023443907582	0.187023443907582	True	7.2312_extended_+/+	7.2312_extended_+/+_(4g)	7.2312_extended_+/+_(14r)
7.2312	7.4325	chr4:167000-168000	0.2484594988829804	0.3626297366065314	0.09009880263732598	0.09009880263732598	True	7.2312_extended_+/+	7.2312_extended_+/+_(4g)	7.2312_extended_+/+_(14r)
6.7822	6.8697	chr3:16000-17000	0.09066786826448399	0.3500728411643157	0.0317403582456598	0.0317403582456598	True	6.7822_extended_+/+	6.7822_extended_+/+_(6g)	6.7822_extended_+/+_(16r)
6.7822	7.1123	chr1:180000-181000	0.9941206428390615	0.3110511226921608	0.3092223420465427	0.3092223420465427	True	6.7822_extended_+/+	6.7822_extended_+/+_(6g)	6.7822_extended_+/+_(16r)
6.7822	7.1023	chr4:316000-317000	0.5577799477981339	0.2952668826352969	0.1646939463828336	0.1646939463828336	True	6.7822_extended_+/+	6.7822_extended_+/+_(6g)	6.7822_extended_+/+_(16r)
6.7822	7.1151	chr3:384000-385000	0.34280633392529164	0.11903819610131092	0.04080704760257034	0.04080704760257034	True	6.7822_extended_+/+	6.7822_extended_+/+_(6g)	6.7822_extended_+/+_(16r)
6.7822	7.1151	chr1:456000-457000	0.9240671359325126	0.1044146701886184	0.0964861652305345	0.0964861652305345	True	6.7822_extended_+/+	6.7822_extended_+/+_(6g)	6.7822_extended_+/+_(16r)
6.7822	7.1151	chr3:205000-206000	0.611827179368059	0.580803665260623	0.35535146828303726	0.35535146828303726	True	6.7822_extended_+/+	6.7822_extended_+/+_(6g)	6.7822_extended_+/+_(16r)
6.7822	7.1123	chr4:85000-86000	0.2010602206987631	0.2410050118957887	0.0484565208812753	0.0484565208812753	True	6.7822_extended_+/+	6.7822_extended_+/+_(6g)	6.7822_extended_+/+_(16r)
6.7822	7.1023	chr4:278000-279000	0.10941395590465718	0.03405377281574873	0.0037259579972495445	0.0037259579972495445	True	6.7822_extended_+/+	6.7822_extended_+/+_(6g)	6.7822_extended_+/+_(16r)
6.7822	7.1023	chr3:270000-271000	0.10978540888641411	0.022120917930469552	0.0024285540199394094	0.0024285540199394094	True	6.7822_extended_+/+	6.7822_extended_+/+_(6g)	6.7822_extended_+/+_(16r)
6.7822	7.1123	chr1:269000-270000	0.15463882420370173	0.45912241070464815	0.07099814975693583	0.07099814975693583	True	6.7822_extended_+/+	6.7822_extended_+/+_(6g)	6.7822_extended_+/+_(16r)
6.7822	7.1151	chr3:390000-391000	0.47690147166136193	0.08339148862116433	0.039769523647464985	0.039769523647464985	True	6.7822_extended_+/+	6.7822_extended_+/+_(6g)	6.7822_extended_+/+_(16r)
6.7822	7.1023	chr2:114000-115000	0.45704793895389856	0.14655645580928234	0.0669833260680206	0.0669833260680206	True	6.7822_extended_+/+	6.7822_extended_+/+_(6g)	6.7822_extended_+/+_(16r)
6.7822	7.1123	chr4:478000-479000	0.5152532718614813	0.2488761278221887	0.12823423914859897	0.12823423914859897	True	6.7822_extended_+/+	6.7822_extended_+/+_(6g)	6.7822_extended_+/+_(16r)
6.7822	7.1151	chr2:280000-281000	0.017340224467630908	0.22832695356963711	0.003959240626907848	0.003959240626907848	True	6.7822_extended_+/+	6.7822_extended_+/+_(6g)	6.7822_extended_+/+_(16r)
6.7822	7.1023	chr3:220000-221000	0.14524169917640042	0.047994798861301396	0.006970846138244983	0.006970846138244983	True	6.7822_extended_+/+	6.7822_extended_+/+_(6g)	6.7822_extended_+/+_(16r)
6.7822	7.521	chr4:343000-344000	0.6079478981701785	0.4523393516385586	0.27499875808832297	0.27499875808832297	True	6.7822_extended_+/+	6.7822_extended_+/+_(6g)	6.7822_extended_+/+_(16r)
7.4419	6.777	chr1:317000-318000	0.15753735671752267	0.16954319209355112	0.02670938633186923	0.02670938633186923	True	7.4419_extended_+/+	7.4419_extended_+/+_(6g)	7.4419_extended_+/+_(10r)
7.4419	6.7182	chr3:424000-425000	0.4420939051720894	-0.07821787062389585	0.03457964387836337	0.03457964387836337	True	7.4419_extended_-/-	7.4419_extended_-/-_(6g)	7.4419_extended_-/-_(10r)
7.4419	7.3616	chr4:37000-38000	0.23928993598517112	0.07738972833669186	0.01851858313959678	0.01851858313959678	True	7.4419_extended_+/+	7.4419_extended_+/+_(6g)	7.4419_extended_+/+_(10r)
7.4419	7.9835	chr3:472000-473000	0.26234752532720135	0.17875852847662851	0.046896857576975544	0.046896857576975544	True	7.4419_extended_+/+	7.4419_extended_+/+_(6g)	7.4419_extended_+/+_(10r)
7.4419	6.777	chr4:184000-185000	0.12785451784419702	-0.10976245693844805	0.014033626009259713	0.014033626009259713	True	7.4419_extended_-/-	7.4419_extended_-/-_(6g)	7.4419_extended_-/-_(10r)
7.4419	7.9835	chr2:242000-243000	0.4067863010594775	-0.006863858961944774	0.0027921237981234598	0.0027921237981234598	True	7.4419_extended_-/-	7.4419_extended_-/-_(6g)	7.4419_extended_-/-_(10r)
7.4419	6.7182	chr4:394000-395000	0.01451291103404845	0.14262647616307328	0.0020699253596545143	0.0020699253596545143	True	7.4419_extended_+/+	7.4419_extended_+/+_(6g)	7.4419_extended_+/+_(10r)
7.4419	7.3616	chr2:97000-98000	0.20903837259161148	-0.08881873275053404	0.0185665233498209	0.0185665233498209	True	7.4419_extended_-/-	7.4419_extended_-/-_(6g)	7.4419_extended_-/-_(10r)
7.4419	6.777	chr2:418000-419000	0.1791239242198055	0.23842559085414172	0.04270772746821963	0.04270772746821963	True	7.4419_extended_+/+	7.4419_extended_+/+_(6g)	7.4419_extended_+/+_(10r)
7.4419	6.777	chr4:486000-487000	0.016130119733015456	0.30318994580771425	0.004890490127724898	0.004890490127724898	True	7.4419_extended_+/+	7.4419_extended_+/+_(6g)	7.4419_extended_+/+_(10r)
6.8277	6.8223	chr4:201000-202000	0.060241525862587644	-0.011126754207673173	0.0006702926513681994	0.0006702926513681994	True	6.8277_extended_-/-	6.8277_extended_-/-_(6g)	6.8277_extended_-/-_(14r)
6.8277	6.8606	chr3:324000-325000	0.5900962513209307	0.05495357853061808	0.03242790068758811	0.03242790068758811	True	6.8277_extended_+/+	6.8277_extended_+/+_(6g)	6.8277_extended_+/+_(14r)
6.8277	6.9864	chr1:301000-302000	0.24480687583307226	0.36871979668897875	0.09026514148523447	0.09026514148523447	True	6.8277_extended_+/+	6.8277_extended_+/+_(6g)	6.8277_extended_+/+_(14r)
6.8277	6.8606	chr4:141000-142000	0.4497859194775379	0.1967949058477346	0.0885155776752188	0.0885155776752188	True	6.8277_extended_+/+	6.8277_extended_+/+_(6g)	6.8277_extended_+/+_(14r)
6.8277	6.8606	chr4:351000-352000	0.3650739427905373	0.3448096226886756	0.12588100846707231	0.12588100846707231	True	6.8277_extended_+/+	6.8277_extended_+/+_(6g)	6.8277_extended_+/+_(14r)
6.8277	6.7106	chr1:30000-31000	0.1391642983626757	0.15198620285834147	0.021151053281588384	0.021151053281588384	True	6.8277_extended_+/+	6.8277_extended_+/+_(6g)	6.8277_extended_+/+_(14r)
6.8277	6.8223	chr3:82000-83000	0.6891456013339151	0.10006419136126589	0.06895879732765153	0.06895879732765153	True	6.8277_extended_+/+	6.8277_extended_+/+_(6g)	6.8277_extended_+/+_(14r)
6.8277	6.7497	chr3:174000-175000	0.615347281110093	0.07058363539353193	0.043433448130276005	0.043433448130276005	True	6.8277_extended_+/+	6.8277_extended_+/+_(6g)	6.8277_extended_+/+_(14r)
6.8277	6.9864	chr3:305000-306000	0.2587475914314158	0.14415912735716013	0.0373008269865199	0.0373008269865199	True	6.8277_extended_+/+	6.8277_extended_+/+_(6g)	6.8277_extended_+/+_(14r)
6.8277	6.8223	chr2:412000-413000	0.07027307967010848	0.14619443404266216	0.010273533110806417	0.010273533110806417	True	6.8277_extended_+/+	6.8277_extended_+/+_(6g)	6.8277_extended_+/+_(14r)
6.8277	6.7106	chr1:447000-448000	0.14168104075966398	0.08045911093144639	0.011399530575364582	0.011399530575364582	True	6.8277_extended_+/+	6.8277_extended_+/+_(6g)	6.8277_extended_+/+_(14r)
6.8277	6.7106	chr2:167000-168000	0.21561042439532843	0.21262523452785442	0.045844217053706934	0.045844217053706934	True	6.8277_extended_+/+	6.8277_extended_+/+_(6g)	6.8277_extended_+/+_(14r)
6.8277	6.8223	chr1:454000-455000	0.23667856028407933	0.23984254897588003	0.05676558918647507	0.05676558918647507	True	6.8277_extended_+/+	6.8277_extended_+/+_(6g)	6.8277_extended_+/+_(14r)
6.8277	6.9864	chr2:498000-499000	0.16055293750200675	0.20828938938185268	0.03344147331575574	0.03344147331575574	True	6.8277_extended_+/+	6.8277_extended_+/+_(6g)	6.8277_extended_+/+_(14r)
6.777	6.9276	chr2:10000-11000	1.2806321818805952	0.1283927404137019	0.16442387529362795	0.16442387529362795	True	6.777_extended_+/+	6.777_extended_+/+_(6g)	6.777_extended_+/+_(13r)
6.777	6.9276	chr3:16000-17000	0.3453705663259408	0.4443985004927039	0.15348216178956403	0.15348216178956403	True	6.777_extended_+/+	6.777_extended_+/+_(6g)	6.777_extended_+/+_(13r)
6.777	7.1802	chr1:130000-131000	0.008941174846490842	0.08414453235285498	0.0007523509761430818	0.0007523509761430818	True	6.777_extended_+/+	6.777_extended_+/+_(6g)	6.777_extended_+/+_(13r)
6.777	7.9835	chr3:472000-473000	0.26234752532720135	0.17875852847662851	0.046896857576975544	0.046896857576975544	True	6.777_extended_+/+	6.777_extended_+/+_(6g)	6.777_extended_+/+_(13r)
6.777	6.9418	chr3:260000-261000	0.06267627935138896	0.27462278859584865	0.017212334614290843	0.017212334614290843	True	6.777_extended_+/+	6.777_extended_+/+_(6g)	6.777_extended_+/+_(13r)
6.777	6.9276	chr3:356000-357000	0.030944783600513878	0.515550965459258	0.015953613061172746	0.015953613061172746	True	6.777_extended_+/+	6.777_extended_+/+_(6g)	6.777_extended_+/+_(13r)
6.777	6.8607	chr1:0-1000	0.0068468957790002475	0.2343612032308554	0.001604646733162763	0.001604646733162763	True	6.777_extended_+/+	6.777_extended_+/+_(6g)	6.777_extended_+/+_(13r)
6.777	7.284	chr2:151000-152000	0.22565051161060873	0.23643230197254125	0.05335106990137787	0.05335106990137787	True	6.777_extended_+/+	6.777_extended_+/+_(6g)	6.777_extended_+/+_(13r)
6.777	6.8607	chr3:346000-347000	0.17371150156035783	0.22240343021986778	0.0386340338156675	0.0386340338156675	True	6.777_extended_+/+	6.777_extended_+/+_(6g)	6.777_extended_+/+_(13r)
6.777	7.9835	chr2:242000-243000	0.4067863010594775	-0.006863858961944774	0.0027921237981234598	0.0027921237981234598	True	6.777_extended_-/-	6.777_extended_-/-_(6g)	6.777_extended_-/-_(13r)
6.777	6.8607	chr4:32000-33000	0.15493457340843073	0.34316436148789287	0.0531680239561032	0.0531680239561032	True	6.777_extended_+/+	6.777_extended_+/+_(6g)	6.777_extended_+/+_(13r)
6.777	7.1802	chr1:274000-275000	0.731175752650795	0.3204171253872231	0.23428123281720703	0.23428123281720703	True	6.777_extended_+/+	6.777_extended_+/+_(6g)	6.777_extended_+/+_(13r)
6.777	6.8607	chr3:437000-438000	0.7210091531415171	-0.021469546243270243	0.01547973935519292	0.01547973935519292	True	6.777_extended_-/-	6.777_extended_-/-_(6g)	6.777_extended_-/-_(13r)
7.327	7.5236	chr1:373000-374000	1.1823861181143993	0.36211710883319326	0.4281622426160888	0.4281622426160888	True	7.327_extended_+/+	7.327_extended_+/+_(5g)	7.327_extended_+/+_(13r)
7.327	7.2699	chr3:364000-365000	0.39372305334334096	0.27581407199372265	0.10859435858042854	0.10859435858042854	True	7.327_extended_+/+	7.327_extended_+/+_(5g)	7.327_extended_+/+_(13r)
7.327	7.5236	chr4:153000-154000	0.21899237811555616	0.4513321090316728	0.09883829187675551	0.09883829187675551	True	7.327_extended_+/+	7.327_extended_+/+_(5g)	7.327_extended_+/+_(13r)
7.327	7.2699	chr1:219000-220000	0.010186066462741469	0.4034117220210063	0.0041091786123549565	0.0041091786123549565	True	7.327_extended_+/+	7.327_extended_+/+_(5g)	7.327_extended_+/+_(13r)
7.327	9.9524	chr4:366000-367000	0.20923911098341585	0.15481171470097985	0.03239266555385124	0.03239266555385124	True	7.327_extended_+/+	7.327_extended_+/+_(5g)	7.327_extended_+/+_(13r)
7.327	7.2699	chr3:230000-231000	0.43373781352164037	0.46238363037907315	0.20055326484881753	0.20055326484881753	True	7.327_extended_+/+	7.327_extended_+/+_(5g)	7.327_extended_+/+_(13r)
7.327	7.2699	chr3:111000-112000	0.04149408112609798	0.14259218117621641	0.005916731533673185	0.005916731533673185	True	7.327_extended_+/+	7.327_extended_+/+_(5g)	7.327_extended_+/+_(13r)
7.327	9.9524	chr1:0-1000	0.8754696902202864	0.2894595603676481	0.2534130716463652	0.2534130716463652	True	7.327_extended_+/+	7.327_extended_+/+_(5g)	7.327_extended_+/+_(13r)
7.327	7.2699	chr3:212000-213000	0.015787240977805095	0.2932282772923835	0.004629265475121512	0.004629265475121512	True	7.327_extended_+/+	7.327_extended_+/+_(5g)	7.327_extended_+/+_(13r)
7.327	6.8535	chr3:435000-436000	0.4381455401678584	0.36134862032388476	0.15832328644071886	0.15832328644071886	True	7.327_extended_+/+	7.327_extended_+/+_(5g)	7.327_extended_+/+_(13r)
7.327	6.8535	chr1:383000-384000	0.005348407140246145	0.2634318270129996	0.0014089406645644144	0.0014089406645644144	True	7.327_extended_+/+	7.327_extended_+/+_(5g)	7.327_extended_+/+_(13r)
7.327	7.8162	chr3:477000-478000	0.10694860306781023	0.21469448967141902	0.022961275756714677	0.022961275756714677	True	7.327_extended_+/+	7.327_extended_+/+_(5g)	7.327_extended_+/+_(13r)
7.327	7.2699	chr2:377000-378000	0.14763784154500406	0.3225255517146472	0.047616976298262094	0.047616976298262094	True	7.327_extended_+/+	7.327_extended_+/+_(5g)	7.327_extended_+/+_(13r)
7.1474	7.7375	chr4:33000-34000	0.3737204366541466	0.13373509651609808	0.049979538665980615	0.049979538665980615	True	7.1474_extended_+/+	7.1474_extended_+/+_(4g)	7.1474_extended_+/+_(17r)
7.1474	6.7993	chr1:246000-247000	0.43016628787183886	-0.09098668279048644	0.03913940358175608	0.03913940358175608	True	7.1474_extended_-/-	7.1474_extended_-/-_(4g)	7.1474_extended_-/-_(17r)
7.1474	7.7375	chr1:74000-75000	0.18803940868538147	-0.14811060609671955	0.0278506307904606	0.0278506307904606	True	7.1474_extended_-/-	7.1474_extended_-/-_(4g)	7.1474_extended_-/-_(17r)
7.1474	7.7375	chr4:481000-482000	0.012901434281204197	0.04236320632577198	0.0005465461223530411	0.0005465461223530411	True	7.1474_extended_+/+	7.1474_extended_+/+_(4g)	7.1474_extended_+/+_(17r)
7.1474	7.7375	chr2:10000-11000	0.8275143616205899	0.30989601158233687	0.2564434001933244	0.2564434001933244	True	7.1474_extended_+/+	7.1474_extended_+/+_(4g)	7.1474_extended_+/+_(17r)
7.1474	7.7375	chr1:303000-304000	0.08473659027472139	-0.1624677647818734	0.013766964417171417	0.013766964417171417	True	7.1474_extended_-/-	7.1474_extended_-/-_(4g)	7.1474_extended_-/-_(17r)
7.1474	6.7993	chr4:493000-494000	0.26500803121998145	0.3021509358112336	0.08007242463061	0.08007242463061	True	7.1474_extended_+/+	7.1474_extended_+/+_(4g)	7.1474_extended_+/+_(17r)
7.1474	6.3792	chr1:493000-494000	0.16732048378574674	0.2896478969529874	0.048464026245697976	0.048464026245697976	True	7.1474_extended_+/+	7.1474_extended_+/+_(4g)	7.1474_extended_+/+_(17r)
7.1474	7.7375	chr3:431000-432000	0.3270365577446136	0.2277065712171625	0.07446837322668953	0.07446837322668953	True	7.1474_extended_+/+	7.1474_extended_+/+_(4g)	7.1474_extended_+/+_(17r)
7.1474	6.3792	chr1:216000-217000	0.39334769284664345	-0.1364433062589691	0.05366965972133349	0.05366965972133349	True	7.1474_extended_-/-	7.1474_extended_-/-_(4g)	7.1474_extended_-/-_(17r)
7.1474	6.7993	chr4:271000-272000	0.145709481222508	0.5017738994663941	0.07311321458224317	0.07311321458224317	True	7.1474_extended_+/+	7.1474_extended_+/+_(4g)	7.1474_extended_+/+_(17r)
7.1474	6.7993	chr4:444000-445000	0.2082919461473682	0.2546210444081992	0.05303551286985928	0.05303551286985928	True	7.1474_extended_+/+	7.1474_extended_+/+_(4g)	7.1474_extended_+/+_(17r)
7.1474	6.8253	chr2:76000-77000	0.3570160062188601	0.09429073465836744	0.0336633015111726	0.0336633015111726	True	7.1474_extended_+/+	7.1474_extended_+/+_(4g)	7.1474_extended_+/+_(17r)
7.1474	6.7993	chr1:35000-36000	0.03316567091967891	0.40378743044267423	0.013391881039564471	0.013391881039564471	True	7.1474_extended_+/+	7.1474_extended_+/+_(4g)	7.1474_extended_+/+_(17r)
7.1474	7.7375	chr2:404000-405000	1.1951094272717038	0.07824783495131067	0.0935147252139117	0.0935147252139117	True	7.1474_extended_+/+	7.1474_extended_+/+_(4g)	7.1474_extended_+/+_(17r)
7.1474	7.7375	chr2:288000-289000	0.6657875086574712	0.03721420144639695	0.024776750467673886	0.024776750467673886	True	7.1474_extended_+/+	7.1474_extended_+/+_(4g)	7.1474_extended_+/+_(17r)
7.1474	7.7375	chr2:199000-200000	0.42361420805106537	0.1959873131638793	0.08302301045397287	0.08302301045397287	True	7.1474_extended_+/+	7.1474_extended_+/+_(4g)	7.1474_extended_+/+_(17r)
7.1123	6.5975	chr1:216000-217000	0.2802098445453251	0.05704583161752469	0.015984803609505386	0.015984803609505386	True	7.1123_extended_+/+	7.1123_extended_+/+_(3g)	7.1123_extended_+/+_(4r)
7.1123	7.4156	chr2:243000-244000	0.6738355537396767	0.11274786290770346	0.07597351863537752	0.07597351863537752	True	7.1123_extended_+/+	7.1123_extended_+/+_(3g)	7.1123_extended_+/+_(4r)
7.1123	6.5975	chr4:390000-391000	0.3280739051765019	0.2614727985392769	0.08578240211420932	0.08578240211420932	True	7.1123_extended_+/+	7.1123_extended_+/+_(3g)	7.1123_extended_+/+_(4r)
7.1123	6.7764	chr4:416000-417000	0.2911498961756308	0.2907026145424403	0.0846380360420159	0.0846380360420159	True	7.1123_extended_+/+	7.1123_extended_+/+_(3g)	7.1123_extended_+/+_(4r)
6.9423	6.7092	chr1:197000-198000	0.028388747643486284	-0.010277659418842122	0.0002917698796072089	0.0002917698796072089	True	6.9423_extended_-/-	6.9423_extended_-/-_(5g)	6.9423_extended_-/-_(21r)
6.9423	6.7092	chr3:122000-123000	0.09581666764501837	0.3856724467960193	0.03695384865449521	0.03695384865449521	True	6.9423_extended_+/+	6.9423_extended_+/+_(5g)	6.9423_extended_+/+_(21r)
6.9423	7.1539	chr1:153000-154000	0.2203831272558113	0.21722922023208435	0.04787365488608811	0.04787365488608811	True	6.9423_extended_+/+	6.9423_extended_+/+_(5g)	6.9423_extended_+/+_(21r)
6.9423	6.777	chr1:317000-318000	0.15753735671752267	0.16954319209355112	0.02670938633186923	0.02670938633186923	True	6.9423_extended_+/+	6.9423_extended_+/+_(5g)	6.9423_extended_+/+_(21r)
6.9423	7.2309	chr4:355000-356000	0.3764998825856933	0.02551691898643943	0.009607117002343093	0.009607117002343093	True	6.9423_extended_+/+	6.9423_extended_+/+_(5g)	6.9423_extended_+/+_(21r)
6.9423	6.7092	chr3:125000-126000	0.7797916904094297	0.3352211944921679	0.26140270191411585	0.26140270191411585	True	6.9423_extended_+/+	6.9423_extended_+/+_(5g)	6.9423_extended_+/+_(21r)
6.9423	6.6847	chr2:214000-215000	0.3230733707148787	0.2414815500339	0.0780162583349057	0.0780162583349057	True	6.9423_extended_+/+	6.9423_extended_+/+_(5g)	6.9423_extended_+/+_(21r)
6.9423	6.7092	chr4:99000-100000	0.5807501231507306	0.08993180393219544	0.05222790620878986	0.05222790620878986	True	6.9423_extended_+/+	6.9423_extended_+/+_(5g)	6.9423_extended_+/+_(21r)
6.9423	6.7092	chr2:278000-279000	1.480804722593433	0.36142194689600193	0.5351953258125126	0.5351953258125126	True	6.9423_extended_+/+	6.9423_extended_+/+_(5g)	6.9423_extended_+/+_(21r)
6.9423	7.1539	chr2:487000-488000	0.38338641344231966	0.053156713083909485	0.020379561579622486	0.020379561579622486	True	6.9423_extended_+/+	6.9423_extended_+/+_(5g)	6.9423_extended_+/+_(21r)
6.9423	6.7092	chr3:71000-72000	0.03471222834592935	0.21343710218828732	0.007408877428653287	0.007408877428653287	True	6.9423_extended_+/+	6.9423_extended_+/+_(5g)	6.9423_extended_+/+_(21r)
6.9423	6.7092	chr3:36000-37000	0.07482527122488908	0.35053498402749284	0.026228875253669313	0.026228875253669313	True	6.9423_extended_+/+	6.9423_extended_+/+_(5g)	6.9423_extended_+/+_(21r)
6.9423	6.7092	chr2:70000-71000	1.0977688664541996	0.21427347840236965	0.23522275349696775	0.23522275349696775	True	6.9423_extended_+/+	6.9423_extended_+/+_(5g)	6.9423_extended_+/+_(21r)
6.9423	6.7092	chr3:16000-17000	0.14981930541500021	0.23772104134107683	0.03561520129625068	0.03561520129625068	True	6.9423_extended_+/+	6.9423_extended_+/+_(5g)	6.9423_extended_+/+_(21r)
6.9423	6.777	chr4:184000-185000	0.12785451784419702	-0.10976245693844805	0.014033626009259713	0.014033626009259713	True	6.9423_extended_-/-	6.9423_extended_-/-_(5g)	6.9423_extended_-/-_(21r)
6.9423	6.7092	chr3:61000-62000	0.26111962722738075	0.16434334367811818	0.042913272638531536	0.042913272638531536	True	6.9423_extended_+/+	6.9423_extended_+/+_(5g)	6.9423_extended_+/+_(21r)
6.9423	6.7092	chr2:212000-213000	0.03986127301514216	0.3657527658277415	0.014579370854702962	0.014579370854702962	True	6.9423_extended_+/+	6.9423_extended_+/+_(5g)	6.9423_extended_+/+_(21r)
6.9423	6.6847	chr4:308000-309000	0.07366464254513948	0.4200236624607153	0.030940892955668913	0.030940892955668913	True	6.9423_extended_+/+	6.9423_extended_+/+_(5g)	6.9423_extended_+/+_(21r)
6.9423	6.6847	chr3:466000-467000	0.1008114080258265	0.18786806406633105	0.018939244061613014	0.018939244061613014	True	6.9423_extended_+/+	6.9423_extended_+/+_(5g)	6.9423_extended_+/+_(21r)
6.9423	6.777	chr2:418000-419000	0.1791239242198055	0.23842559085414172	0.04270772746821963	0.04270772746821963	True	6.9423_extended_+/+	6.9423_extended_+/+_(5g)	6.9423_extended_+/+_(21r)
6.9423	6.777	chr4:486000-487000	0.016130119733015456	0.30318994580771425	0.004890490127724898	0.004890490127724898	True	6.9423_extended_+/+	6.9423_extended_+/+_(5g)	6.9423_extended_+/+_(21r)
7.1287	6.995	chr2:294000-295000	0.3720488396981161	0.07341554594841115	0.027314168685910096	0.027314168685910096	True	7.1287_extended_+/+	7.1287_extended_+/+_(8g)	7.1287_extended_+/+_(23r)
7.1287	7.7691	chr4:381000-382000	0.035364062391564074	0.43550484208140083	0.015401220407194919	0.015401220407194919	True	7.1287_extended_+/+	7.1287_extended_+/+_(8g)	7.1287_extended_+/+_(23r)
7.1287	6.8111	chr3:371000-372000	0.03616173641954078	0.4312056495377274	0.015593145041200173	0.015593145041200173	True	7.1287_extended_+/+	7.1287_extended_+/+_(8g)	7.1287_extended_+/+_(23r)
7.1287	6.8111	chr3:206000-207000	0.15339796921983098	0.06379189346443431	0.009785546910132031	0.009785546910132031	True	7.1287_extended_+/+	7.1287_extended_+/+_(8g)	7.1287_extended_+/+_(23r)
7.1287	7.9043	chr3:190000-191000	0.024825206204339242	0.44425949346928073	0.011028833533610198	0.011028833533610198	True	7.1287_extended_+/+	7.1287_extended_+/+_(8g)	7.1287_extended_+/+_(23r)
7.1287	6.995	chr3:143000-144000	0.8585237877462458	0.24877651947935958	0.2135805598057475	0.2135805598057475	True	7.1287_extended_+/+	7.1287_extended_+/+_(8g)	7.1287_extended_+/+_(23r)
7.1287	7.2791	chr2:422000-423000	0.1317304111568972	0.24169745971140627	0.031838905743361144	0.031838905743361144	True	7.1287_extended_+/+	7.1287_extended_+/+_(8g)	7.1287_extended_+/+_(23r)
7.1287	6.995	chr2:229000-230000	0.045255273161399164	-0.13116263745738532	0.005935800986703539	0.005935800986703539	True	7.1287_extended_-/-	7.1287_extended_-/-_(8g)	7.1287_extended_-/-_(23r)
7.1287	9.9524	chr4:366000-367000	0.20923911098341585	0.15481171470097985	0.03239266555385124	0.03239266555385124	True	7.1287_extended_+/+	7.1287_extended_+/+_(8g)	7.1287_extended_+/+_(23r)
7.1287	6.8699	chr3:313000-314000	0.9310968702206057	-0.08404220004306784	0.07825142942655453	0.07825142942655453	True	7.1287_extended_-/-	7.1287_extended_-/-_(8g)	7.1287_extended_-/-_(23r)
7.1287	6.8832	chr2:443000-444000	0.08783695977683047	0.1164079549455949	0.010224920856259312	0.010224920856259312	True	7.1287_extended_+/+	7.1287_extended_+/+_(8g)	7.1287_extended_+/+_(23r)
7.1287	6.995	chr1:330000-331000	0.15913276532456197	0.1831628799572512	0.02914721559240817	0.02914721559240817	True	7.1287_extended_+/+	7.1287_extended_+/+_(8g)	7.1287_extended_+/+_(23r)
7.1287	7.9043	chr1:39000-40000	0.0047849084457948195	0.25367575230065353	0.0012138152496767517	0.0012138152496767517	True	7.1287_extended_+/+	7.1287_extended_+/+_(8g)	7.1287_extended_+/+_(23r)
7.1287	9.9524	chr1:0-1000	0.8754696902202864	0.2894595603676481	0.2534130716463652	0.2534130716463652	True	7.1287_extended_+/+	7.1287_extended_+/+_(8g)	7.1287_extended_+/+_(23r)
7.1287	7.9043	chr2:437000-438000	0.3820584583393458	0.29742460472888593	0.11363358595490747	0.11363358595490747	True	7.1287_extended_+/+	7.1287_extended_+/+_(8g)	7.1287_extended_+/+_(23r)
7.1287	6.8699	chr4:9000-10000	0.4036392261496206	0.2762912559850163	0.11152198875769871	0.11152198875769871	True	7.1287_extended_+/+	7.1287_extended_+/+_(8g)	7.1287_extended_+/+_(23r)
7.1287	6.8832	chr1:65000-66000	0.028879801072996487	0.042127988450538084	0.0012166479260570333	0.0012166479260570333	True	7.1287_extended_+/+	7.1287_extended_+/+_(8g)	7.1287_extended_+/+_(23r)
7.1287	7.2791	chr4:57000-58000	0.33914632393386207	0.010818222222153645	0.003668960298143025	0.003668960298143025	True	7.1287_extended_+/+	7.1287_extended_+/+_(8g)	7.1287_extended_+/+_(23r)
7.1287	6.995	chr3:428000-429000	0.8821059365347373	0.4110402118837626	0.3625810110571633	0.3625810110571633	True	7.1287_extended_+/+	7.1287_extended_+/+_(8g)	7.1287_extended_+/+_(23r)
7.1287	7.7691	chr1:16000-17000	0.08167540646248149	-0.11387998086237339	0.00930119372487396	0.00930119372487396	True	7.1287_extended_-/-	7.1287_extended_-/-_(8g)	7.1287_extended_-/-_(23r)
7.1287	6.8699	chr2:11000-12000	0.23173570461067056	0.305919282366399	0.07089242045316815	0.07089242045316815	True	7.1287_extended_+/+	7.1287_extended_+/+_(8g)	7.1287_extended_+/+_(23r)
7.1287	7.9043	chr4:306000-307000	0.6865955161582652	0.24647563897998842	0.1692290685659034	0.1692290685659034	True	7.1287_extended_+/+	7.1287_extended_+/+_(8g)	7.1287_extended_+/+_(23r)
7.1287	6.995	chr2:96000-97000	0.023088582277145008	0.2713382653892874	0.00626481586537837	0.00626481586537837	True	7.1287_extended_+/+	7.1287_extended_+/+_(8g)	7.1287_extended_+/+_(23r)
7.3081	7.4109	chr1:40000-41000	1.2851596726657615	0.22255906797143116	0.2860239389429614	0.2860239389429614	True	7.3081_extended_+/+	7.3081_extended_+/+_(5g)	7.3081_extended_+/+_(17r)
7.3081	7.6718	chr4:442000-443000	1.3803603934185973	0.1423166683655262	0.19644829233506178	0.19644829233506178	True	7.3081_extended_+/+	7.3081_extended_+/+_(5g)	7.3081_extended_+/+_(17r)
7.3081	8.0062	chr2:497000-498000	0.3821068330497506	0.09811371249298413	0.03748991995944792	0.03748991995944792	True	7.3081_extended_+/+	7.3081_extended_+/+_(5g)	7.3081_extended_+/+_(17r)
7.3081	7.4109	chr4:375000-376000	0.24521384442115166	0.42515582600066903	0.10425409457167428	0.10425409457167428	True	7.3081_extended_+/+	7.3081_extended_+/+_(5g)	7.3081_extended_+/+_(17r)
7.3081	8.0062	chr1:9000-10000	0.13424846784712588	0.10056486236735779	0.013500678692074872	0.013500678692074872	True	7.3081_extended_+/+	7.3081_extended_+/+_(5g)	7.3081_extended_+/+_(17r)
7.3081	8.0062	chr1:216000-217000	0.1951730642406275	0.15371755974893192	0.030001527163790787	0.030001527163790787	True	7.3081_extended_+/+	7.3081_extended_+/+_(5g)	7.3081_extended_+/+_(17r)
7.3081	7.6718	chr1:53000-54000	0.23545095744419933	0.27757952518085205	0.06535636497073785	0.06535636497073785	True	7.3081_extended_+/+	7.3081_extended_+/+_(5g)	7.3081_extended_+/+_(17r)
7.3081	8.0062	chr2:239000-240000	0.21958653647544765	0.022878077703673283	0.005023717844165779	0.005023717844165779	True	7.3081_extended_+/+	7.3081_extended_+/+_(5g)	7.3081_extended_+/+_(17r)
7.3081	8.0062	chr4:440000-441000	0.09790921851425818	0.3559092579563207	0.03484679730849289	0.03484679730849289	True	7.3081_extended_+/+	7.3081_extended_+/+_(5g)	7.3081_extended_+/+_(17r)
7.3081	6.8113	chr4:165000-166000	0.10804121277833677	0.40280427142710723	0.04351946199727901	0.04351946199727901	True	7.3081_extended_+/+	7.3081_extended_+/+_(5g)	7.3081_extended_+/+_(17r)
7.3081	8.0062	chr4:422000-423000	0.2777485657327076	0.2339762974508017	0.06498658103240955	0.06498658103240955	True	7.3081_extended_+/+	7.3081_extended_+/+_(5g)	7.3081_extended_+/+_(17r)
7.3081	6.67	chr1:370000-371000	0.3826676161977713	0.5696318661498831	0.2179796683298637	0.2179796683298637	True	7.3081_extended_+/+	7.3081_extended_+/+_(5g)	7.3081_extended_+/+_(17r)
7.3081	6.8113	chr2:75000-76000	0.2607996615346661	0.1991067936180906	0.05192698438485065	0.05192698438485065	True	7.3081_extended_+/+	7.3081_extended_+/+_(5g)	7.3081_extended_+/+_(17r)
7.3081	6.8113	chr1:219000-220000	0.20952638865838644	0.33036429293679864	0.0692200372407287	0.0692200372407287	True	7.3081_extended_+/+	7.3081_extended_+/+_(5g)	7.3081_extended_+/+_(17r)
7.3081	8.0062	chr1:64000-65000	0.13361617111562155	0.5588164452910989	0.07466691377623884	0.07466691377623884	True	7.3081_extended_+/+	7.3081_extended_+/+_(5g)	7.3081_extended_+/+_(17r)
7.3081	8.0062	chr4:68000-69000	0.742849357170191	0.017837348933365305	0.013250463188770809	0.013250463188770809	True	7.3081_extended_+/+	7.3081_extended_+/+_(5g)	7.3081_extended_+/+_(17r)
7.3081	8.0062	chr1:298000-299000	0.2642800936845628	0.09241809841498101	0.024424263707260325	0.024424263707260325	True	7.3081_extended_+/+	7.3081_extended_+/+_(5g)	7.3081_extended_+/+_(17r)
7.0582	6.6579	chr2:304000-305000	0.2684305426285738	0.26868276155000226	0.07212265947781081	0.07212265947781081	True	7.0582_extended_+/+	7.0582_extended_+/+_(6g)	7.0582_extended_+/+_(26r)
7.0582	6.8033	chr2:492000-493000	0.10463282045164808	0.35683567525194754	0.03733672313937963	0.03733672313937963	True	7.0582_extended_+/+	7.0582_extended_+/+_(6g)	7.0582_extended_+/+_(26r)
7.0582	7.9793	chr2:297000-298000	0.05383339696798521	0.28824927776909637	0.015517437795878799	0.015517437795878799	True	7.0582_extended_+/+	7.0582_extended_+/+_(6g)	7.0582_extended_+/+_(26r)
7.0582	8.4123	chr1:371000-372000	0.22171623449499564	0.40217836719935546	0.08916947317078676	0.08916947317078676	True	7.0582_extended_+/+	7.0582_extended_+/+_(6g)	7.0582_extended_+/+_(26r)
7.0582	6.6579	chr2:15000-16000	0.18010861452736285	0.01625974247165718	0.002928519689141893	0.002928519689141893	True	7.0582_extended_+/+	7.0582_extended_+/+_(6g)	7.0582_extended_+/+_(26r)
7.0582	6.7604	chr4:65000-66000	0.0382917223493201	0.25754179561818985	0.00986171893115707	0.00986171893115707	True	7.0582_extended_+/+	7.0582_extended_+/+_(6g)	7.0582_extended_+/+_(26r)
7.0582	7.9793	chr4:380000-381000	1.0266298961001725	0.10889816018518177	0.1117981068764131	0.1117981068764131	True	7.0582_extended_+/+	7.0582_extended_+/+_(6g)	7.0582_extended_+/+_(26r)
7.0582	6.8033	chr2:184000-185000	0.14648604897486134	-0.07604935543512575	0.011140169604776469	0.011140169604776469	True	7.0582_extended_-/-	7.0582_extended_-/-_(6g)	7.0582_extended_-/-_(26r)
7.0582	7.9793	chr3:392000-393000	0.23911439190818057	0.19089028844217604	0.04564461524202811	0.04564461524202811	True	7.0582_extended_+/+	7.0582_extended_+/+_(6g)	7.0582_extended_+/+_(26r)
7.0582	6.7604	chr1:4000-5000	0.023602951175347664	0.27595504662893816	0.006513353492173616	0.006513353492173616	True	7.0582_extended_+/+	7.0582_extended_+/+_(6g)	7.0582_extended_+/+_(26r)
7.0582	7.9793	chr1:12000-13000	0.0819927755949473	0.2748628348198914	0.022536766734778422	0.022536766734778422	True	7.0582_extended_+/+	7.0582_extended_+/+_(6g)	7.0582_extended_+/+_(26r)
7.0582	7.9793	chr1:453000-454000	0.8798624257455593	0.40200045856322986	0.3537050986222706	0.3537050986222706	True	7.0582_extended_+/+	7.0582_extended_+/+_(6g)	7.0582_extended_+/+_(26r)
7.0582	6.8033	chr2:81000-82000	0.33477378294538257	-0.014222274316764622	0.004761244575110249	0.004761244575110249	True	7.0582_extended_-/-	7.0582_extended_-/-_(6g)	7.0582_extended_-/-_(26r)
7.0582	6.8941	chr1:296000-297000	0.7158392190991173	0.1527963659452424	0.10937763127942528	0.10937763127942528	True	7.0582_extended_+/+	7.0582_extended_+/+_(6g)	7.0582_extended_+/+_(26r)
7.0582	6.7604	chr4:281000-282000	0.016538018686707363	0.16944093079376027	0.002802217279760296	0.002802217279760296	True	7.0582_extended_+/+	7.0582_extended_+/+_(6g)	7.0582_extended_+/+_(26r)
7.0582	8.4123	chr3:146000-147000	0.23882627587436922	0.29046420274232504	0.06937048381576723	0.06937048381576723	True	7.0582_extended_+/+	7.0582_extended_+/+_(6g)	7.0582_extended_+/+_(26r)
7.0582	7.9793	chr3:45000-46000	0.6763002479688768	0.26471807509921397	0.17902889983144216	0.17902889983144216	True	7.0582_extended_+/+	7.0582_extended_+/+_(6g)	7.0582_extended_+/+_(26r)
7.0582	6.8941	chr2:359000-360000	0.3021471563091107	0.15169577682619126	0.04583444759213518	0.04583444759213518	True	7.0582_extended_+/+	7.0582_extended_+/+_(6g)	7.0582_extended_+/+_(26r)
7.0582	6.6579	chr3:335000-336000	0.04305569814655689	0.22505555010895328	0.0096899238316984	0.0096899238316984	True	7.0582_extended_+/+	7.0582_extended_+/+_(6g)	7.0582_extended_+/+_(26r)
7.0582	6.7604	chr3:216000-217000	0.016960409395870058	0.08093202139715457	0.001372640216131057	0.001372640216131057	True	7.0582_extended_+/+	7.0582_extended_+/+_(6g)	7.0582_extended_+/+_(26r)
7.0582	6.8033	chr4:397000-398000	0.21940917595868184	-0.09488934912204666	0.020819593898123927	0.020819593898123927	True	7.0582_extended_-/-	7.0582_extended_-/-_(6g)	7.0582_extended_-/-_(26r)
7.0582	6.6579	chr4:388000-389000	0.07696253473472778	0.167838220743996	0.012917254893824701	0.012917254893824701	True	7.0582_extended_+/+	7.0582_extended_+/+_(6g)	7.0582_extended_+/+_(26r)
7.0582	6.6579	chr4:175000-176000	0.30407672433860033	-0.250936664216452	0.07630399887139398	0.07630399887139398	True	7.0582_extended_-/-	7.0582_extended_-/-_(6g)	7.0582_extended_-/-_(26r)
7.0582	6.8941	chr3:311000-312000	0.18361652337509443	0.08914570129651507	0.016368623745900746	0.016368623745900746	True	7.0582_extended_+/+	7.0582_extended_+/+_(6g)	7.0582_extended_+/+_(26r)
7.0582	6.8941	chr2:304000-305000	0.33517883966815626	0.08408384097584307	0.02818312425312485	0.02818312425312485	True	7.0582_extended_+/+	7.0582_extended_+/+_(6g)	7.0582_extended_+/+_(26r)
7.0582	6.6579	chr2:491000-492000	0.22998214868039768	0.3739420382637922	0.08599999344183441	0.08599999344183441	True	7.0582_extended_+/+	7.0582_extended_+/+_(6g)	7.0582_extended_+/+_(26r)
7.0035	6.7581	chr3:363000-364000	0.1740272527756195	0.1562459375310085	0.02719105126587247	0.02719105126587247	True	7.0035_extended_+/+	7.0035_extended_+/+_(10g)	7.0035_extended_+/+_(29r)
7.0035	6.9607	chr2:68000-69000	0.028691083962095833	0.09512801328621243	0.0027293258163420884	0.0027293258163420884	True	7.0035_extended_+/+	7.0035_extended_+/+_(10g)	7.0035_extended_+/+_(29r)
7.0035	6.9607	chr1:363000-364000	0.11362811442530346	0.06580890466707442	0.00747774174971422	0.00747774174971422	True	7.0035_extended_+/+	7.0035_extended_+/+_(10g)	7.0035_extended_+/+_(29r)
7.0035	6.7376	chr2:431000-432000	0.319271379418718	0.008416930111537518	0.0026872848871815277	0.0026872848871815277	True	7.0035_extended_+/+	7.0035_extended_+/+_(10g)	7.0035_extended_+/+_(29r)
7.0035	6.7581	chr4:409000-410000	0.5074363157050544	0.27155055790926097	0.13779461463312742	0.13779461463312742	True	7.0035_extended_+/+	7.0035_extended_+/+_(10g)	7.0035_extended_+/+_(29r)
7.0035	7.1556	chr1:496000-497000	0.3116138952939526	0.13472651032178723	0.041982652680733035	0.041982652680733035	True	7.0035_extended_+/+	7.0035_extended_+/+_(10g)	7.0035_extended_+/+_(29r)
7.0035	6.7376	chr3:423000-424000	0.250102300486341	-0.09060434747146895	0.02266035573667818	0.02266035573667818	True	7.0035_extended_-/-	7.0035_extended_-/-_(10g)	7.0035_extended_-/-_(29r)
7.0035	6.7274	chr3:67000-68000	0.14864732317212542	0.09545903823791427	0.01418973050665152	0.01418973050665152	True	7.0035_extended_+/+	7.0035_extended_+/+_(10g)	7.0035_extended_+/+_(29r)
7.0035	6.7376	chr1:226000-227000	0.13953237047050404	-0.13060563628768596	0.018223714028029303	0.018223714028029303	True	7.0035_extended_-/-	7.0035_extended_-/-_(10g)	7.0035_extended_-/-_(29r)
7.0035	6.7581	chr1:385000-386000	0.2851661743129584	0.31833489470501763	0.09077834407334831	0.09077834407334831	True	7.0035_extended_+/+	7.0035_extended_+/+_(10g)	7.0035_extended_+/+_(29r)
7.0035	6.6677	chr1:340000-341000	0.2546237227773938	0.08717653916141255	0.022197214940128124	0.022197214940128124	True	7.0035_extended_+/+	7.0035_extended_+/+_(10g)	7.0035_extended_+/+_(29r)
7.0035	7.8116	chr4:420000-421000	0.029963685254504692	0.33491525611335826	0.010035295321112496	0.010035295321112496	True	7.0035_extended_+/+	7.0035_extended_+/+_(10g)	7.0035_extended_+/+_(29r)
7.0035	6.9007	chr1:244000-245000	0.03796652637822912	0.03292203505983002	0.0012499353125240203	0.0012499353125240203	True	7.0035_extended_+/+	7.0035_extended_+/+_(10g)	7.0035_extended_+/+_(29r)
7.0035	7.0491	chr1:257000-258000	0.057377817261741466	0.22541627462895297	0.012933893813482592	0.012933893813482592	True	7.0035_extended_+/+	7.0035_extended_+/+_(10g)	7.0035_extended_+/+_(29r)
7.0035	7.013	chr4:323000-324000	1.1317690427056992	0.0703413393628729	0.07961015031335539	0.07961015031335539	True	7.0035_extended_+/+	7.0035_extended_+/+_(10g)	7.0035_extended_+/+_(29r)
7.0035	6.7376	chr3:116000-117000	0.621848673195601	0.32311389559719594	0.20092794726817825	0.20092794726817825	True	7.0035_extended_+/+	7.0035_extended_+/+_(10g)	7.0035_extended_+/+_(29r)
7.0035	6.7581	chr2:82000-83000	0.06506465833825106	0.24448633177111428	0.01590741964505985	0.01590741964505985	True	7.0035_extended_+/+	7.0035_extended_+/+_(10g)	7.0035_extended_+/+_(29r)
7.0035	7.1556	chr1:359000-360000	0.2878722473640206	0.14544334263686792	0.04186910190901045	0.04186910190901045	True	7.0035_extended_+/+	7.0035_extended_+/+_(10g)	7.0035_extended_+/+_(29r)
7.0035	6.7376	chr2:21000-22000	0.08976109393681493	0.21138160849397192	0.01897384441654245	0.01897384441654245	True	7.0035_extended_+/+	7.0035_extended_+/+_(10g)	7.0035_extended_+/+_(29r)
7.0035	6.9607	chr4:467000-468000	0.20944241535459354	0.10646358631969774	0.022297990666109758	0.022297990666109758	True	7.0035_extended_+/+	7.0035_extended_+/+_(10g)	7.0035_extended_+/+_(29r)
7.0035	7.0491	chr1:125000-126000	0.401148355949234	0.1925604856962881	0.07724532225785195	0.07724532225785195	True	7.0035_extended_+/+	7.0035_extended_+/+_(10g)	7.0035_extended_+/+_(29r)
7.0035	7.0491	chr4:378000-379000	0.047354609476912626	0.2418487692122711	0.011452654018519068	0.011452654018519068	True	7.0035_extended_+/+	7.0035_extended_+/+_(10g)	7.0035_extended_+/+_(29r)
7.0035	6.7581	chr2:138000-139000	0.42863540807203426	0.10506795876728123	0.04503584738150926	0.04503584738150926	True	7.0035_extended_+/+	7.0035_extended_+/+_(10g)	7.0035_extended_+/+_(29r)
7.0035	6.7581	chr4:56000-57000	0.7848091100716444	0.2016318137303346	0.15824248429583548	0.15824248429583548	True	7.0035_extended_+/+	7.0035_extended_+/+_(10g)	7.0035_extended_+/+_(29r)
7.0035	6.9007	chr3:439000-440000	0.04308426588581483	0.11502335071527921	0.0049556966252944186	0.0049556966252944186	True	7.0035_extended_+/+	7.0035_extended_+/+_(10g)	7.0035_extended_+/+_(29r)
7.0035	6.9607	chr1:178000-179000	1.818857652510444	-0.003627630976290236	0.006598144361709429	0.006598144361709429	True	7.0035_extended_-/-	7.0035_extended_-/-_(10g)	7.0035_extended_-/-_(29r)
7.0035	7.1556	chr3:172000-173000	0.7698636018952946	-0.01177775624829172	0.009067265847554675	0.009067265847554675	True	7.0035_extended_-/-	7.0035_extended_-/-_(10g)	7.0035_extended_-/-_(29r)
7.0035	6.7581	chr3:494000-495000	0.32883237305969065	-0.07533196161824729	0.02477158770616979	0.02477158770616979	True	7.0035_extended_-/-	7.0035_extended_-/-_(10g)	7.0035_extended_-/-_(29r)
7.0035	6.9607	chr3:357000-358000	0.04664660073268853	-0.05646056111483966	0.002633693251467485	0.002633693251467485	True	7.0035_extended_-/-	7.0035_extended_-/-_(10g)	7.0035_extended_-/-_(29r)
