Gene_1	Gene_2	Gene_3	Gene_4	Gene_5	Gene_6	Gene_7	Gene_8	Gene_9	Gene_10	Gene_11	Gene_12	Gene_13	Gene_14	Gene_15	Gene_16	Gene_17	Gene_18	Gene_19	Gene_20	Gene_21	Gene_22	Gene_23	Gene_24	Gene_25	Gene_26	Gene_27	Gene_28	Gene_29	Gene_30	Gene_31	Gene_32	Gene_33	Gene_34	Gene_35	Gene_36	Gene_37	Gene_38	Gene_39	Gene_40	Gene_41	Gene_42	Gene_43	Gene_44	Gene_45	Gene_46	Gene_47	Gene_48	Gene_49	Gene_50
Cell_1	7.1151	7.284	6.609	6.4579	6.6933	6.6903	6.9693	7.4548	7.1306	6.8591	6.8253	7.2875	6.3187	6.4266	6.0099	6.8073	6.8713	5.95	5.8843	6.209	6.746	6.8574	6.7429	7.1149	7.2273	6.9337	6.7368	8.4421	6.9063	6.8745	6.8113	6.9927	6.8382	6.998	6.6007	6.9505	7.4325	6.8622	6.9607	7.3695	7.3971	7.1735	6.8552	6.7336	6.8699	6.9418	7.4697	7.5127	6.8234	7.0393
Cell_2	9.3293	9.2212	8.631	8.7221	8.6554	8.4474	8.3946	8.5799	8.4751	8.7455	8.6503	8.0248	8.7266	8.8085	8.738	8.3855	8.2979	9.194	9.2211	9.8162	8.5683	8.7534	8.4494	8.1613	7.7065	8.3805	8.3997	8.3252	8.6841	8.6202	8.5749	7.6265	7.9237	7.6414	8.8622	8.5187	8.2534	8.3259	8.4277	8.6341	8.6396	8.6083	8.6089	9.15	8.5165	8.4153	8.5898	8.3965	8.4124	8.4386
Cell_3	9.5997	9.4961	10.273	10.143	10.025	10.512	10.587	9.4264	9.3632	9.4315	9.355	9.6607	10.025	9.9814	9.9529	10.306	9.9945	10.58	10.438	10.34	9.9998	10	10.297	10.313	9.7437	9.2126	9.274	8.7302	9.8677	9.591	9.4647	9.5971	9.5735	9.5716	9.4793	9.2572	9.0429	9.9252	9.9563	9.2534	9.4582	10.222	10.034	9.9834	9.4834	9.4047	9.5157	9.3655	10.053	10.017
Cell_4	6.9998	6.8697	7.0817	7.0796	7.0943	7.3964	7.221	7.4652	7.5801	7.0262	6.9238	6.9393	6.8279	7.0307	6.5377	6.674	6.5869	6.8681	6.7642	6.9487	6.6267	6.6547	7.2945	6.9668	6.971	7.0834	7.1132	7.8847	8.6603	7.1294	6.9699	7.8027	7.1976	7.0579	7.0947	7.3102	7.698	6.9239	6.9763	6.9009	6.9256	7.0814	7.014	6.8152	7.1079	6.9262	7.433	7.0855	9.7788	9.7699
Cell_5	7.4955	7.4101	7.5102	7.4146	7.5755	7.4651	7.6309	7.7096	7.9051	7.5886	7.51	7.7921	7.3675	7.2954	7.8314	7.4076	7.047	7.3449	7.3296	7.1607	7.0658	7.2146	7.5844	7.4778	7.4298	7.4966	7.4724	9.0655	7.7428	7.4881	7.8147	7.3252	6.9167	6.9752	7.2672	7.4811	8.4029	7.2311	7.3596	7.6962	7.4218	6.8342	6.8077	6.654	7.4814	7.3027	7.9078	8.1024	7.3954	7.3324
Cell_6	8.854	8.8075	8.3077	8.2493	8.1735	8.4608	8.5804	8.8743	8.7786	8.6439	8.6296	8.5769	8.547	8.5147	8.542	8.4223	8.6823	8.2177	8.17	8.02	8.3252	8.4953	8.6622	8.6818	9.0676	8.6206	8.7845	8.694	8.4001	8.5948	8.5156	8.9512	8.9078	8.6465	8.739	8.9663	8.5366	8.4672	8.4869	8.6561	8.6722	9.2725	9.2781	9.1512	8.6829	8.8021	8.6392	8.2581	8.9312	8.8253
Cell_7	9.6438	9.1561	9.2641	9.5136	9.3911	8.9367	8.805	9.0434	9.1588	9.2495	9.2206	11.04	12.373	12.65	12.442	13.122	13.183	12.426	12.655	12.618	12.964	13.021	8.8947	8.5929	7.1703	8.3545	8.4793	13.144	11.259	10.285	10.765	7.2782	7.3077	7.2584	9.3831	9.047	8.6565	12.458	12.63	8.538	8.908	12.064	12.163	12.161	9.0083	8.3979	9.81	9.6469	9.232	9.0462
Cell_8	8.0483	8.3685	9.1081	8.9252	8.9831	8.6947	8.3256	8.6469	8.8258	8.7109	8.8654	8.3849	8.7902	8.8255	9.0722	8.0779	8.4529	8.2722	8.3229	9.5553	8.3903	8.5947	8.4801	8.631	10.128	8.7347	8.826	7.7087	8.4182	8.6249	8.5883	7.4292	7.8981	7.8406	8.7075	8.5396	8.2862	7.9907	8.1698	8.6126	8.695	8.6183	8.4931	9.3537	8.6432	8.6862	8.9633	8.4493	8.2409	8.5603
Cell_9	7.8193	7.8133	7.2929	7.0312	7.0007	7.5802	7.4905	7.6981	7.7905	7.5694	7.4788	7.0826	7.0126	6.9106	6.6421	7.3082	7.6459	7.0215	7.0676	6.9917	7.1503	7.1841	7.6092	7.654	7.9051	7.2865	7.6412	8.1172	7.3439	7.3774	7.3107	7.1779	7.055	7.1156	7.5734	7.6154	7.0384	7.1805	7.0411	7.4968	7.4349	7.0517	7.014	7.0913	7.6925	7.7937	7.1692	7.2111	7.384	7.5125
Cell_10	6.693	6.9091	7.2205	7.0164	6.8017	5.8636	5.9857	5.8101	5.8792	6.8634	6.7764	6.1158	6.3463	6.0819	6.7183	5.6884	5.6761	5.9676	5.9411	6.2044	5.786	6.1132	6.0115	5.9892	7.3779	6.6426	6.3879	8.0011	5.9381	7.2637	7.0114	5.6213	5.8123	5.4451	7.0196	6.9089	6.2394	8.103	7.6824	5.6505	5.8241	5.4346	5.4948	5.6193	6.7157	6.7006	5.7621	5.9665	7.2894	7.1174
Cell_11	7.7925	7.5915	8.2056	7.5653	7.5595	10.627	10.84	7.8565	7.8864	8.085	8.3635	7.1452	6.9006	7.0752	7.1147	7.026	6.9355	7.3103	7.5994	7.6058	6.6871	6.6213	10.018	10.226	9.3159	8.7293	8.2599	7.8106	7.6306	7.3978	7.5288	8.3881	8.448	8.235	8.4932	8.1826	8.8043	6.9241	6.7651	7.2943	7.4578	7.476	7.3954	7.5051	8.9724	8.8236	7.7671	7.8022	8.5141	8.409
Cell_12	7.4508	7.5197	6.3409	6.5099	6.6561	6.823	6.751	6.6447	6.6647	6.3565	6.3099	9.8978	6.4076	6.7258	6.169	6.1354	5.9504	6.8404	6.926	7.442	6.9328	7.0195	6.6934	6.5816	6.3297	6.572	6.6379	7.6543	9.1911	6.503	6.5945	6.8339	6.8415	6.8489	6.2973	6.4906	6.5916	5.9787	6.1984	11.363	11.44	9.4617	9.4214	9.3219	6.2067	6.2993	6.788	6.5364	8.8514	8.4874
Cell_13	7.6958	7.6964	7.2778	7.2073	7.123	7.1757	7.2971	14.053	14.111	7.6532	7.4838	6.8269	9.6371	9.7099	9.3236	7.1915	7.4559	8.0847	7.8355	8.2339	7.9884	8.0077	7.223	7.2521	8.2555	7.7068	7.5779	7.2694	7.0051	7.6574	7.6043	7.847	7.7677	7.5032	7.5567	7.6894	7.6651	9.2123	9.4471	7.4372	7.5609	7.6851	7.5579	7.5984	7.5995	7.7835	7.5438	7.4457	7.1971	7.4339
Cell_14	8.6712	8.6176	8.0291	7.9725	8.0144	8.7081	8.8096	8.6349	8.6174	8.5005	8.3955	8.3158	7.4092	7.6779	7.6961	8.2267	7.9827	7.7569	7.6593	7.5823	8.0773	8.2013	8.7829	8.6075	9.335	8.3701	8.1971	8.7201	8.5761	8.4211	8.4258	8.3503	8.1203	8.4296	8.4268	8.4144	8.6492	8.1842	8.3879	8.2694	8.2119	7.7466	7.8048	7.907	8.3499	8.1866	8.171	8.7165	8.8691	8.7223
Cell_15	10.02	10.969	11.229	8.2924	8.8704	8.4863	11.228	11.367	9.9032	9.1088	11.246	8.6796	9.6184	11.362	8.4711	10.692	9.0145	8.3909	9.9713	8.5139	8.3331	10.259	8.877	8.7484	12.012	8.5285	10.238	10.599	10.168	11.363	10.763	10.595	8.521	8.4728	10.382	9.7857	11.009	10.859	11.673	10.666	8.59	10.649	10.822	8.0121	8.5277	11.49	10.329	8.2924	8.5206	8.3028
Cell_16	6.5252	6.5322	6.1271	6.2246	6.0375	6.8333	6.7236	6.2857	6.5662	7.9309	7.891	7.2805	6.1415	6.1526	5.7468	6.089	6.1062	5.9389	5.8842	6.0451	6.1951	6.1229	6.8816	6.9928	6.2351	8.359	8.2818	8.3969	7.5651	6.5091	6.8444	6.9274	6.911	6.858	7.8988	7.5469	7.8421	6.4755	6.7426	6.115	6.3079	6.1182	5.6239	5.9157	8.3962	8.918	8.2591	8.1975	7.9035	7.5106
Cell_17	10.876	10.691	9.8207	10.207	10.03	10.397	10.392	10.947	10.769	10.691	10.761	9.496	9.7344	9.7364	9.804	11.106	11.093	9.958	9.957	9.968	10.829	10.895	10.43	10.318	8.8396	10.802	10.663	9.5952	9.9861	10.166	10.201	8.42	8.1389	8.585	10.823	10.626	10.702	10.6	10.5	11.026	11.134	9.7712	9.7113	9.4953	10.937	10.854	8.9826	8.7194	10.96	10.809
Cell_18	7.658	7.8333	8.1185	7.9257	7.8301	8.0513	6.8504	8.1934	7.6848	7.8716	7.7207	8.6173	7.7842	7.934	7.6622	7.2918	7.4056	7.6725	7.7822	7.7094	7.3554	7.4332	7.998	7.9555	8.5726	8.0013	8.0086	8.9852	8.8585	7.6445	7.696	7.5863	8.3275	8.0303	8.4568	7.7963	6.858	7.4323	7.3236	7.9804	7.9842	7.7382	7.7777	7.1701	8.2758	8.1759	7.5515	7.4092	7.5529	7.7771
Cell_19	7.8911	7.9216	7.3589	7.2813	7.0581	7.4446	7.7916	7.8483	7.847	8.3372	8.339	9.3102	7.567	7.705	7.8171	8.2998	8.2812	7.2804	7.1493	7.0081	7.8733	7.7629	7.8148	7.9449	10.309	7.9489	7.9754	7.4069	9.3072	7.8061	7.6319	6.6782	6.6571	7.0244	8.2561	7.9602	7.449	8.0745	8.2478	7.6864	7.6291	8.0601	7.9898	7.1467	7.9965	8.1694	7.3734	8.3193	9.1346	9.0219
Cell_20	12.521	12.506	12.197	12.617	12.428	11.595	11.267	11.847	12.323	12.128	12.831	12.304	12.634	12.964	12.475	12.299	11.835	12.422	12.67	12.737	12.519	12.644	11.675	11.385	10.47	13.229	12.856	11.299	11.869	12.323	12.813	13.887	13.719	13.652	12.256	12.466	12.518	12.707	12.523	12.042	12.088	12.654	12.409	12.871	13.052	12.866	13.164	11.717	11.688	11.739
Cell_21	9.642	9.575	9.3142	9.3657	9.2376	8.619	8.1217	7.8647	7.722	8.5465	8.7303	7.4368	9.3214	9.2842	9.5451	9.5936	9.8458	9.9169	9.919	10.305	9.4215	9.547	8.337	8.4316	8.2766	8.4935	8.3648	8.0967	7.7604	8.8028	8.7492	8.0853	8.1477	8.2882	8.8877	8.6201	7.4722	8.987	8.9238	8.4933	8.6505	9.2755	9.121	9.5893	8.7538	8.8375	7.7455	8.2272	8.4619	8.4725
Cell_22	9.9453	9.8074	9.1585	9.345	9.2983	10.11	10.215	9.0661	9.0955	9.3976	9.628	8.8914	9.1611	9.0365	8.9679	9.6895	9.7781	9.2946	9.224	9.4743	10.092	10.237	9.6095	9.6232	9.7823	9.7155	9.6901	8.4917	9.1304	9.0384	8.9801	9.5996	9.39	9.3994	9.3705	9.2937	8.9555	9.2765	9.1199	9.1663	9.0771	9.5607	9.5474	9.7695	10.119	9.9326	9.9255	9.9473	9.4858	9.3778
Cell_23	11.723	11.623	12.296	12.031	12.018	11.088	11.333	8.2001	8.206	11.318	11.411	11.125	12.226	12.259	12.436	12.012	11.796	11.886	11.917	12.293	11.649	11.774	11.065	10.996	11.471	10.766	10.655	8.3346	10.904	11.597	11.639	8.6865	8.7259	8.8341	11.564	11.468	8.3412	11.853	11.676	9.737	9.9722	12.043	12.033	11.435	11.04	11.224	8.2297	11.028	10.654	10.502
Cell_24	9.9122	9.8436	9.1949	9.1492	9.1504	9.839	9.7355	11.991	12.011	9.8572	9.7381	9.8096	9.089	9.057	8.9477	9.5214	9.7075	8.6314	8.7637	8.631	9.4053	9.4208	9.7422	9.7349	10.696	9.939	9.8507	10.588	9.9292	9.5626	9.6903	10.246	10.143	9.6746	9.5461	9.7123	10.297	9.4017	9.3873	10.265	10.064	8.6036	8.6145	8.4026	9.8112	9.9479	9.9684	10.812	9.5258	9.5353
Cell_25	8.6045	8.5921	8.4821	8.1717	8.1351	8.3454	8.5541	8.7111	8.4987	8.7	8.5075	8.7191	8.1304	8.3346	8.0312	7.9496	8.2061	8.0037	8.0732	7.8137	8.1778	8.3129	8.7376	8.7588	8.4042	8.4349	8.3858	9.3336	8.8585	8.693	8.7303	8.0038	7.9615	7.8719	8.786	8.6602	7.8225	8.2616	8.5924	8.2951	8.306	7.5626	7.7247	7.2297	8.5389	8.4906	8.6502	8.6442	8.7663	8.7528
Cell_26	9.1613	9.1578	8.4024	8.4087	8.2527	9.3934	9.2938	8.2926	8.2371	9.9244	9.9383	8.5432	8.2285	8.2917	8.2789	9.1447	9.0765	8.5923	8.4262	8.5333	8.9389	9.0675	9.2568	9.362	8.5177	9.4542	9.5039	8.4899	8.8001	9.1058	9.0423	8.8811	8.4052	8.3289	9.5704	9.2619	9.6049	9.3678	9.3041	9.3004	9.1174	8.6988	8.4417	8.2433	9.8207	9.7551	9.1594	9.0938	10.171	9.936
Cell_27	8.9423	9.1819	10.299	9.9236	9.5105	9.6984	9.5343	10.645	10.73	10.245	10.56	10.922	9.6009	9.6077	9.6926	11.292	11.983	10.48	10.436	10.983	11.182	10.987	9.6918	9.8555	12	10.89	10.996	9.3842	10.409	9.0617	8.9922	11.801	11.747	11.838	10.288	9.9152	11.033	10.661	10.541	10.99	11.122	12.293	12.035	12.259	11.346	11.111	10.25	10.322	10.719	10.695
Cell_28	10.966	10.115	10.469	10.357	10.888	8.5513	10.954	11.273	10.795	8.7233	10.493	11.183	10.741	10.984	10.076	11.033	10.839	8.7532	8.5545	10.4	10.838	11.356	9.6874	10.624	10.689	9.4278	10.625	10.848	10.277	8.7337	10.928	11.667	10.122	10.841	10.962	10.59	11.457	10.926	11.834	9.7889	11.281	11.031	11.074	11.576	10.038	10.739	11.327	10.612	8.7812	10.258
Cell_29	10.443	10.438	9.4562	9.1744	9.3021	8.9019	8.9528	9.0983	9.033	9.5949	9.4755	8.0853	9.1509	9.1144	9.341	9.9104	10.158	10.071	9.8861	9.5964	9.7967	9.7021	9.2575	8.9403	8.6717	9.3792	9.0609	7.6062	8.649	9.9118	9.8586	7.3455	7.3831	6.7867	9.6	9.1928	9.236	9.4588	9.523	9.7057	10.027	8.6853	8.5351	8.1989	9.5915	9.3521	8.5329	9.7586	9.9369	9.5527
Cell_30	8.2864	8.059	10.139	8.5383	10.509	10.505	8.6089	9.5259	8.7075	7.9702	10.362	10.499	8.1551	10.13	7.8146	7.7389	8.1392	7.7359	9.7299	8.1551	9.0268	7.9654	9.5259	7.9158	9.3973	8.2204	8.4835	7.8867	8.8218	7.9404	8.3621	9.0281	7.6641	7.7246	9.3973	8.4223	9.3658	8.9422	7.9842	8.3133	9.3994	9.0075	8.1311	8.2775	8.3384	8.1473	8.7958	10.548	8.4534	7.9872
Cell_31	6.9731	7.0445	7.2638	7.2075	7.0562	7.3643	7.3857	7.2405	6.6331	7.444	7.3662	5.7315	6.7782	7.119	7.1866	7.9705	8.0992	7.5702	7.5013	7.1621	7.3193	7.2794	7.2191	7.2417	7.9334	7.3173	7.0998	7.0843	6.396	6.6328	6.488	6.4206	6.5134	6.6306	7.5	7.2754	7.4609	7.7301	7.5627	6.5672	6.5021	6.1232	6.2713	6.5255	7.308	7.2908	6.8165	7.0773	7.3262	7.2234
Cell_32	8.5432	8.494	8.5276	8.5165	8.5263	8.0616	8.1826	8.3141	8.2155	8.4895	8.3863	8.8656	8.3602	8.4083	8.2088	8.1696	8.5788	8.5006	8.4451	8.3877	8.2689	8.3999	7.916	8.0654	8.0988	8.4793	8.5361	8.6845	8.4878	8.1418	8.2159	8.8394	8.9544	8.641	8.4068	8.5149	8.2287	8.3594	8.172	9.293	9.234	9.0068	8.9294	8.6633	8.6867	8.5569	8.626	8.2333	8.5568	8.5399
Cell_33	6.7587	7.0591	6.981	7.0666	7.1434	7.4203	7.0869	7.466	7.2726	7.5882	7.7178	6.8993	7.1414	7.2622	7.03	6.7733	6.9841	6.7555	6.863	6.6446	7.0898	7.0084	7.5617	7.4745	7.2714	7.5371	7.6972	7.1575	7.4632	7.3165	7.3552	7.3164	7.2709	7.2008	7.7975	7.619	6.9493	7.2404	7.2621	7.1571	7.2395	7.0488	7.0222	6.9692	7.6364	7.7522	7.4305	6.9236	7.4294	7.2359
Cell_34	9.3698	9.2077	8.6327	8.8997	8.6156	9.3138	9.2017	9.2566	8.5879	8.719	9.6963	9.0751	9.0874	9.2449	8.9521	9.49	9.2042	8.7676	9.3933	9.8346	9.101	9.343	8.6156	9.382	8.128	9.4911	9.4797	9.4441	8.6576	8.5411	8.487	8.4827	9.0229	9.573	9.1683	8.4052	9.0768	9.5011	8.7951	9.0502	9.3424	8.6156	8.989	8.8853	9.5951	9.0966	9.1649	8.8999	9.1131	8.8487
Cell_35	8.9006	8.8398	8.418	7.9806	7.9201	8.4049	8.6907	9.0746	8.8958	8.9033	8.7095	8.6902	7.995	8.1299	8.156	8.3706	8.5283	8.3554	8.249	8.2373	8.2523	8.3343	8.7314	8.8005	8.9789	8.7224	8.9463	8.4561	8.823	8.5184	8.6569	8.3204	8.4403	8.4574	8.6925	8.816	8.7316	8.2942	8.2611	8.7014	8.6218	7.9901	7.9463	8.0588	8.7149	8.7838	8.9188	9.2128	8.7489	8.9302
Cell_36	7.4371	7.2781	8.3548	8.2523	8.2225	8.3802	8.1938	8.4653	8.2762	8.5915	8.7237	7.1305	8.1087	8.2045	8.22	8.18	8.0425	7.6274	7.5992	7.0311	7.7186	7.5183	8.2172	8.0547	7.2712	9.616	9.3121	8.4449	8.7843	7.8983	8.0617	9.1979	9.1088	9.4192	9.0766	8.8548	9.0958	7.8866	7.8903	7.3493	7.0982	6.8288	6.6736	7.1215	9.7039	9.7895	9.9368	9.1941	7.2021	7.3478
Cell_37	8.1442	8.0094	7.5695	7.4824	7.4519	8.0628	8.1516	8.4051	8.4584	8.0646	8.044	7.8243	7.2884	7.2556	7.354	7.8315	7.5582	6.8666	6.9048	7.0239	7.6981	7.7123	8.1953	7.9611	7.4467	8.1922	8.1523	8.7176	8.246	7.9768	8.0355	7.8888	8.0174	7.7022	7.8885	8.1952	8.4109	7.7009	8.0256	8.2502	8.0469	7.4894	7.3502	7.2725	8.0273	7.9839	8.3154	8.2046	7.7605	7.7423
Cell_38	8.1155	8.0134	7.5556	7.5505	7.5791	8.5127	8.7648	8.5681	8.4434	8.3449	8.5006	8.1487	7.2151	7.3098	7.0951	8.0189	7.9031	7.2963	7.2821	7.0797	7.7675	7.6525	8.5166	8.5499	9.1377	8.5923	8.3612	8.5321	8.4115	7.927	8.2351	8.1634	8.0621	7.778	8.3917	8.7816	8.6001	7.8509	7.9155	8.2003	8.038	7.8526	7.5772	7.0812	8.667	8.6233	8.9421	8.2912	8.4178	8.3913
Cell_39	9.0432	8.9031	9.0067	8.7529	8.737	9.5517	9.8576	8.5897	8.4118	8.9211	9.0229	8.8652	8.9804	8.8756	8.8098	9.0331	8.6689	8.893	8.7254	9.1479	8.9818	9.0792	9.6209	9.4616	8.3491	8.8607	8.8742	9.4755	9.0029	8.9068	8.9372	7.6173	7.678	7.7695	8.82	8.8265	9.0198	9.0022	9.0413	8.5688	8.4564	8.7725	8.6141	8.789	8.7221	8.7391	8.896	9.4817	9.1166	8.9974
Cell_40	5.5961	5.7145	6.2012	6.0303	6.1622	5.5771	5.2625	5.8799	5.6805	5.5003	5.4093	5.1939	5.5876	5.767	5.8749	5.2414	5.2781	5.7725	5.8677	5.8842	5.2994	5.4068	5.3495	5.5808	6.5871	5.7678	5.2857	5.6741	5.453	5.3184	5.3587	6.3321	6.6656	6.588	5.5347	5.804	5.3029	5.3739	5.3402	5.6429	5.7924	5.8446	5.97	5.7937	5.6243	5.7762	5.3406	5.2976	5.4381	5.3487
Cell_41	6.9646	7.0166	7.7571	7.2077	7.2444	6.8522	6.9596	8.4177	8.5209	7.5833	7.2611	6.5018	7.638	7.6687	7.9608	7.2802	7.3868	7.5392	7.2351	7.4862	6.5712	6.6051	6.7742	6.7808	8.623	8.2921	8.2234	7.2378	6.5648	6.8395	6.76	7.2376	6.7103	6.4393	7.3772	7.5404	8.206	6.6898	6.8326	7.149	7.1843	6.5885	6.5699	6.7686	8.1512	8.0372	7.1493	6.88	6.6351	6.7838
Cell_42	10.546	10.67	11.113	11.082	10.812	9.9951	9.8541	10.798	10.735	9.9877	10.091	10.122	10.47	10.677	10.885	10.5	10.487	11.075	10.916	11.181	10.201	10.361	9.9426	9.9875	11.141	9.9719	9.9265	9.2987	9.7696	10.502	10.484	11.485	11.507	11.455	10.003	9.8685	10.128	10.33	10.327	11.413	11.681	10.914	10.709	11.267	10.182	9.8586	9.1189	9.7085	10.265	10.126
Cell_43	7.8315	7.919	8.4961	8.231	8.0128	8.6348	8.4653	8.6901	8.9011	8.5076	8.6524	8.5604	7.8953	8.1537	7.8856	7.7399	7.9967	7.9273	7.7639	8.0365	8.2319	8.2838	8.7532	8.9499	8.6332	8.5648	8.9153	8.5912	8.8782	8.2848	8.3702	8.4037	8.6141	8.4841	8.5028	8.84	8.3512	8.1796	8.3222	8.6186	8.2874	8.5949	8.5514	8.8544	8.5091	8.582	9.0485	8.665	8.3181	8.5169
Cell_44	8.5322	8.4152	8.0571	7.9315	7.9484	8.1973	8.2598	8.5331	8.441	8.5383	8.4975	7.5145	7.7749	7.5813	7.761	8.2958	8.1384	8.0053	7.9379	7.6705	8.1899	8.1804	7.9906	7.9997	7.8414	8.3696	8.3062	7.8037	8.3017	8.4085	8.2856	7.8477	7.8337	7.486	8.4273	8.5155	8.5093	8.3621	8.4963	8.3456	8.3323	7.9338	7.688	7.2067	8.3566	8.4035	8.4851	8.194	8.2805	8.3005
Cell_45	8.5231	8.4353	8.0105	7.3371	7.5989	8.3751	8.5059	8.9683	8.5647	8.254	8.245	7.9112	7.004	7.0406	7.1505	8.226	8.0583	7.3342	7.2196	7.4038	7.9822	8.0664	8.4537	8.4139	8.3149	8.1515	8.036	8.2964	8.4598	8.3548	8.1723	7.9466	7.5653	7.7363	8.0782	8.3003	8.7236	8.1861	8.1646	8.4855	8.3577	8.0112	7.7691	7.7987	8.1236	8.2294	8.9184	8.4288	8.1348	8.2786
Cell_46	8.7454	8.5863	8.2918	8.1556	8.2716	8.4113	8.1001	8.9982	8.8886	8.3945	8.172	8.4923	8.1573	8.0026	7.5176	8.0382	8.4693	8.2137	8.1472	7.8312	8.1162	8.1844	8.3761	8.4089	8.7761	8.1929	8.4042	8.7831	8.3455	8.2646	8.3649	8.7305	8.5695	8.3583	8.3117	8.4251	7.7076	8.0116	7.8177	8.5522	8.6508	8.6159	8.5303	8.0413	8.4395	8.3435	8.8517	8.3837	8.2895	8.2212
Cell_47	8.0033	7.9712	7.8673	7.5816	7.3693	7.8385	7.3189	7.9191	7.7506	7.627	7.5606	7.2276	6.7938	7.2335	7.1971	7.355	7.6051	7.4728	7.3846	7.2362	7.2162	7.1649	7.4812	7.4295	8.3009	7.6089	7.7234	7.1612	7.4661	7.4891	7.44	8.1662	7.7856	8.0284	7.7119	7.701	7.6934	7.3036	7.2041	8.1155	8.0679	7.9142	8.015	7.5673	7.718	7.8905	7.5882	7.1326	7.8107	7.6648
Cell_48	7.6381	7.6575	8.6271	8.3732	7.9888	8.2876	7.6357	8.5021	8.3411	9.2229	9.3074	7.9042	8.0671	7.8978	8.0598	7.6927	7.7374	7.8267	7.5823	7.3137	7.5182	7.4559	8.1169	8.3841	8.5826	9.945	9.6993	8.1074	7.9672	8.2208	8.3818	8.1699	8.5662	8.5974	9.1916	9.0982	8.6702	7.9854	7.6298	7.778	7.8983	7.6315	7.4123	7.2778	10.14	10.142	9.374	8.6293	7.845	8.2261
Cell_49	8.9986	8.4281	7.6363	8.047	9.6779	7.454	10.753	8.3451	7.8442	7.6244	8.8645	11.384	7.8493	6.8426	8.3426	8.3143	8.3137	8.1209	10.204	7.7986	8.089	7.4375	7.5765	11.473	7.7332	7.8121	9.2961	7.8638	7.8576	8.1528	9.7178	7.2559	7.7986	11.086	7.6858	8.3167	7.5357	8.0424	7.2538	7.8316	8.1209	7.7465	7.3341	7.3545	8.7781	8.3426	7.4372	7.8576	8.2685	7.8161
Cell_50	11.463	8.4856	8.392	8.3585	9.7629	12.301	10.07	11.93	7.6591	11.261	8.4317	9.0687	11.412	11.221	8.4866	8.5275	8.5917	8.1326	9.4614	8.7697	9.8599	9.0366	12.044	12.197	8.982	8.4318	8.4423	8.574	12.176	8.4893	8.3999	8.1601	9.0523	8.9258	10.63	7.9699	8.3053	8.9809	8.7356	8.4497	12.278	11.221	8.6141	8.7437	12.207	8.4339	8.0207	8.5865	8.7437	10.031
Cell_51	7.7339	7.9494	7.3941	7.6816	7.5105	7.8791	7.1987	7.7422	7.4124	7.9037	7.997	7.5201	7.7203	7.9295	7.7457	7.7571	7.7893	7.8402	7.6049	7.9318	7.8671	7.8375	7.7387	8.0828	9.9101	7.7058	7.6606	7.7625	7.3443	7.6791	7.7478	7.2431	7.0681	7.0191	8.21	7.9432	7.4539	7.7913	7.5518	7.8015	7.6022	7.2783	7.1722	7.4986	7.8702	7.986	7.5639	7.8605	7.6932	7.6659
Cell_52	8.0289	8.3097	9.7241	9.7082	9.6574	8.9089	8.6384	8.2887	8.3559	8.5903	8.5709	8.314	9.923	9.8382	9.9707	9.7745	9.6849	10.408	10.433	10.72	9.569	9.4899	8.7614	8.8463	7.7919	8.5558	8.4836	7.7267	8.345	8.337	8.3886	9.0049	8.7507	8.7875	8.476	8.3527	8.1831	9.1061	8.9497	8.6557	8.6472	10.909	10.748	10.96	8.5505	8.4657	8.629	7.7683	8.9373	8.814
Cell_53	9.5534	9.4265	9.6075	9.346	9.5587	9.1535	9.3344	9.8073	9.9167	9.616	9.3859	9.7592	9.1475	9.212	9.213	10.033	10.474	9.3033	9.413	9.6016	10.556	10.576	9.6065	9.3664	9.5272	9.3463	9.4762	9.2905	9.8075	9.6666	9.3354	9.1359	9.1681	9.1931	9.3156	9.7491	9.8705	9.6075	10.017	9.803	9.7583	10.406	10.337	10.039	9.3652	9.2124	9.521	9.1245	8.8672	9.1672
Cell_54	8.2586	8.3516	7.7778	7.8384	8.0644	8.1662	7.8137	8.5825	8.7739	8.6969	8.6344	8.4142	7.7972	7.7322	7.4029	8.1608	8.2265	8.0633	7.8933	8.1769	7.9462	8.0679	8.1947	8.3175	8.9487	8.679	8.5503	8.5426	9.3791	8.0367	8.2247	8.4674	8.3691	8.1332	8.5639	8.6935	8.2367	8.138	8.0363	8.6607	8.6827	8.1978	8.1881	7.4856	8.7212	8.8772	8.8151	8.3408	8.2837	8.3248
Cell_55	11.674	11.555	11.976	11.803	11.893	11.562	11.628	10.976	11.154	11.326	11.388	10.764	11.59	11.618	11.739	11.064	11.2	11.729	11.768	11.764	10.825	10.938	11.588	11.538	11.67	11.319	11.219	9.6808	10.938	11.333	11.308	9.2134	9.2076	9.4962	11.515	11.605	10.633	11.022	11.067	11.042	11.169	11.801	11.646	11.263	11.557	11.602	10.542	12.121	11.649	11.48
Cell_56	4.5013	4.6122	4.9794	5.1919	4.8109	5.1963	4.5021	4.4876	4.1686	4.7521	4.447	5.6695	4.7734	4.7749	4.5753	4.4068	4.316	4.5405	4.5986	4.486	4.0592	4.3178	5.1176	4.8277	5.7137	4.4628	4.3588	6.2866	5.4342	4.2839	5.0595	4.596	4.8891	4.8665	4.8639	4.5028	5.2204	4.3459	4.4503	4.4513	4.3062	4.7368	4.701	5.2115	4.4515	4.4624	4.82	4.9437	4.6561	4.6908
Cell_57	8.2159	8.229	6.7272	7.016	6.7502	7.6157	7.3673	8.1998	7.7983	8.5722	8.6057	8.2672	6.3568	6.6178	6.2461	7.5087	7.7908	6.362	6.3332	6.3285	7.4764	7.6096	7.6438	7.7626	9.8113	8.4834	8.2912	7.9383	8.1779	7.8595	7.5973	7.1761	7.2756	7.2725	8.5863	8.4675	8.4449	7.5299	7.5233	8.6221	8.6252	7.1544	6.9164	6.7671	8.736	8.8049	8.0331	9.1249	9.1037	8.9968
Cell_58	8.2925	8.2027	9.1068	9.203	9.0112	9.2549	9.3034	8.3039	8.4203	8.1184	8.3674	8.0442	9.1286	9.2729	9.2846	8.9186	8.674	9.1385	9.1503	9.0451	8.779	8.7288	9.4407	9.1478	8.7651	8.0565	8.2399	8.0496	8.6947	8.3277	8.2548	8.0626	7.9569	7.8619	8.1148	8.3316	8.0818	8.4768	8.499	8.1555	8.0964	8.8593	8.6663	8.7955	8.29	8.1014	8.4839	8.8914	8.6773	8.5718
Cell_59	7.606	7.765	7.4824	7.6822	7.691	8.0677	8.0467	8.1189	8.2233	7.8443	7.9488	7.1397	7.5529	7.7739	7.2197	7.8393	7.5351	7.3738	7.4078	7.4756	7.6313	7.7697	8.0434	8.0291	8.1017	7.902	7.8098	7.4621	7.7325	7.7265	7.751	8.2339	8.2169	8.2396	7.9431	7.9995	7.6236	7.634	7.593	7.7017	7.626	7.7619	7.6159	7.5578	8.0812	8.1041	8.2251	7.328	7.6006	7.6727
Cell_60	7.3178	7.7269	8.8382	8.6601	8.601	8.3779	8.101	7.7695	8.1277	8.1488	8.2819	9.0766	8.4829	8.2765	8.7453	7.8146	8.346	8.8772	8.8114	9.103	8.0654	8.1286	8.1884	8.3402	8.5985	8.1525	8.3435	8.3406	8.5521	8.0036	7.9456	8.7417	9.2101	9.3546	8.3538	8.2071	7.209	8.1817	8.29	8.5992	8.547	8.8938	8.7261	9.3123	8.388	8.3824	8.2487	8.2246	8.2283	8.1274
Cell_61	8.9339	8.8845	8.3835	8.3644	8.2077	8.8534	8.1771	8.7536	8.8587	8.706	8.6347	8.5797	8.2464	8.3016	8.1981	8.6405	8.8292	8.0933	8.0016	8.1424	8.5474	8.6561	8.7103	8.5475	9.1837	8.814	8.8837	8.6214	8.815	8.5021	8.4849	8.3444	8.6971	7.999	9.2014	8.9767	7.9279	8.468	8.475	8.8939	8.7645	8.5821	8.5908	8.2964	8.9971	8.8954	8.6592	7.871	8.7942	8.6942
Cell_62	8.2076	8.3403	8.8302	8.6138	8.6405	8.4069	8.2069	8.2988	7.6744	8.5014	8.5068	7.7988	8.3685	8.3619	8.1603	8.0265	8.0691	8.2337	8.3644	8.113	8.1203	8.0765	8.1635	8.4025	8.555	8.4438	8.2771	7.9121	8.0705	8.2106	8.0725	8.6562	8.5132	8.5603	8.3359	8.6856	8.0196	8.2329	8.174	8.2102	8.3087	8.5085	8.4215	8.2289	8.5578	8.5345	8.3228	8.2365	8.5059	8.584
Cell_63	8.8561	8.6936	11.568	11.888	11.857	10.021	10.112	9.2602	9.1962	9.3	9.4435	10.604	11.694	11.827	11.738	9.016	8.9	10.658	10.791	10.584	8.7784	8.7137	9.9902	9.9827	9.7937	9.5477	9.3957	10.267	12.2	8.6398	8.9713	10.154	10.015	9.8269	9.3032	9.4145	9.6977	8.7152	8.7955	8.8117	8.8147	9.5091	9.2167	10.257	9.3492	9.5109	12.31	13.179	10.074	10.314
Cell_64	8.7714	9.7468	9.162	8.2532	8.2952	8.5204	8.1089	8.4683	8.8597	8.7213	8.6505	8.4954	7.7645	8.3509	8.1036	8.3985	8.2737	8.4145	8.4353	9.0549	8.0786	8.245	8.3677	8.7154	8.2658	9.2509	10.602	8.7744	8.3778	8.4868	8.1176	8.8597	8.0666	8.6094	8.5199	8.8037	8.3898	9.1359	8.3412	8.8693	9.9356	8.3412	8.4399	8.433	8.555	8.3904	8.7714	8.2703	8.5913	7.9485
Cell_65	8.3445	8.5292	7.7367	8.1298	7.805	7.7536	7.0301	7.6118	7.5131	8.5219	9.032	8.9909	8.3808	8.3836	8.7557	9.3559	9.6768	8.4082	8.4712	8.9822	9.1012	9.1715	7.7336	7.7154	7.784	8.4135	8.425	8.8628	9.1027	8.1	7.9046	6.4752	6.5967	6.4764	8.8486	8.3978	8.434	8.7609	8.7955	9.4151	9.6075	7.7341	7.7084	8.4587	8.9852	8.5775	9.1164	8.6852	9.2495	9.1856
Cell_66	8.4549	8.1601	8.2684	8.4481	8.2669	8.9744	8.8956	8.8257	8.8839	8.8465	8.8068	8.113	7.8499	7.8811	7.5971	8.498	8.4866	7.8655	7.8484	7.8657	8.5038	8.3164	8.5543	8.7285	11.146	8.7626	8.5055	7.542	8.7791	8.3175	8.3557	8.7329	9.1006	8.6782	8.8567	8.4667	9.0566	8.6885	8.8475	8.3666	8.4402	8.6098	8.4494	8.4732	8.841	8.7455	9.1086	9.6685	8.4595	8.6444
Cell_67	7.6833	7.7856	7.3875	7.5178	7.5375	7.7203	7.761	8.4711	8.4468	7.9971	7.9379	7.1839	7.5801	7.6855	7.5139	7.4741	7.499	7.7078	7.2243	7.1191	7.4763	7.4369	7.6218	7.8447	8.0654	8.0777	7.7026	7.9797	7.5549	7.6061	7.7188	8.1896	8.4027	8.1163	8.0061	8.1647	7.8295	7.5979	7.6381	7.7749	7.7243	7.5607	7.4168	7.0764	8.3853	8.3757	8.2079	7.588	7.5646	7.6441
Cell_68	9.5543	9.457	9.7471	9.5623	9.5652	9.9483	9.824	9.2331	9.2159	9.4015	9.4275	9.6604	9.8789	9.8203	10.164	9.9618	10.311	9.8765	9.7239	10.175	9.4256	9.5504	9.8764	9.8052	9.0813	9.6811	9.3116	9.291	9.9238	9.6211	9.6444	7.9941	8.0847	8.1978	9.388	9.483	9.0113	9.3664	9.4133	9.6409	9.7501	10.096	9.9547	9.3532	9.3985	9.4505	9.198	9.4677	9.613	9.4072
Cell_69	7.505	7.9798	8.2061	8.4954	8.4195	8.7209	8.3186	8.4341	8.1885	8.3613	8.3957	6.9014	8.8637	9.1963	9.4707	9.3836	9.45	8.9377	9.0543	9.8102	9.663	9.7025	8.8303	8.7086	8.2897	8.4016	8.148	7.0477	8.2137	7.9723	8.0314	7.073	7.2927	7.2067	8.7377	8.5363	7.5107	8.6875	8.38	8.3366	8.2263	7.6086	7.4454	7.4329	8.1065	8.3243	8.3013	8.4874	8.5645	8.6112
Cell_70	8.1552	7.4877	7.6527	7.7248	7.6674	7.3943	7.5976	7.4582	8.4804	7.6191	7.4514	7.1483	7.2493	7.4412	7.6816	7.7307	7.4547	7.0753	7.7533	7.8526	7.5657	7.7688	7.5669	7.5017	7.7058	7.604	7.7109	7.5381	7.5045	8.63	6.8259	7.6244	7.2665	7.8284	7.7728	8.0166	7.5988	7.5067	7.2863	7.4078	7.3242	7.7248	7.8526	7.4974	7.6712	7.4582	7.6458	8.1308	7.4789	7.6413
Cell_71	8.2968	8.2348	8.4992	8.5823	8.5404	8.0122	8.128	7.9192	7.7822	8.318	8.1925	8.4906	8.2516	8.5222	8.7071	8.3158	8.5299	8.5152	8.4654	8.7737	8.3399	8.3344	8.1568	8.0837	8.1736	8.0894	8.1099	8.3484	8.1965	8.1256	8.2584	7.879	7.9976	7.8211	8.6145	8.1265	7.9157	8.3129	8.3711	8.1043	8.189	8.4277	8.4951	8.6372	8.1642	8.1063	7.9257	8.3752	8.3936	8.3089
Cell_72	7.9863	8.1811	8.796	8.6591	8.477	8.7925	8.7465	8.4577	8.6598	8.0997	8.3101	7.6152	8.0961	8.3906	8.325	8.1983	8.4506	9.0261	8.7578	8.5354	8.3575	8.2874	8.7078	8.8594	9.0594	7.9812	8.0786	7.4423	8.2307	8.5304	8.305	7.9328	8.0118	7.6116	8.2516	8.063	8.0911	8.1364	8.2593	8.1734	8.1002	8.4297	8.3777	8.4425	8.1187	8.067	8.7785	9.3362	8.5825	8.4626
Cell_73	9.3863	9.3141	10.149	10.208	10.152	9.3884	9.457	9.4111	9.2297	9.9251	9.849	9.7044	10.413	10.746	10.701	10.106	10.1	10.475	10.511	10.495	9.9233	9.9381	9.3177	9.2136	9.9923	9.6037	9.4965	8.7684	9.6249	9.3508	9.1033	11.017	10.928	11.045	9.9328	9.4037	9.6258	10.518	10.359	9.3312	9.3428	10.744	10.806	10.565	9.6925	9.8103	9.9182	11.028	9.7011	9.7091
Cell_74	9.1501	9.1732	9.6674	9.385	9.4851	8.9238	9.0896	8.1511	8.195	8.8866	8.8399	8.4656	9.5956	9.7678	9.8161	8.58	8.8548	9.382	9.4234	9.5921	8.5104	8.4995	8.9531	8.9203	8.2769	8.7533	8.5608	9.1396	8.378	8.8409	8.668	8.6095	8.554	8.5142	9.174	8.693	8.4838	8.5072	8.6656	8.8508	8.7727	9.208	9.1778	9.2262	8.9779	8.9166	8.2801	8.6806	9.359	8.9375
Cell_75	6.7404	6.6648	6.6707	6.892	6.912	6.2748	6.2121	7.3976	7.0801	6.6493	6.4773	6.842	6.4222	6.4058	6.8211	6.3039	6.421	6.8048	6.7995	6.8658	6.4533	6.3295	6.2369	6.2699	6.377	7.0884	6.9685	7.8221	6.7422	6.7568	6.8139	8.3118	8.1223	8.3261	6.4938	6.8013	7.183	6.4781	6.2784	6.7068	6.5769	6.585	6.5655	7.0852	7.1791	6.9805	6.293	5.1425	6.3994	6.4543
Cell_76	7.9377	8.221	7.9006	7.8734	7.8893	8.1789	7.4657	8.6525	8.1649	8.1938	8.2977	12.11	7.7936	7.9676	8.1062	7.8023	8.0101	7.9743	7.8267	8.1017	8.1197	7.992	7.8716	7.7879	7.921	8.436	8.3372	8.443	12.294	8.1884	8.2177	8.1265	8.1774	8.1273	8.4532	8.1716	8.2892	8.2517	8.0417	8.3521	8.2457	7.9344	7.7769	7.4918	8.5383	8.3913	8.5402	8.1382	8.2663	8.3579
Cell_77	9.0109	9.0591	8.4808	8.5092	8.455	9.1134	9.0629	10.126	10.535	9.4554	9.3844	9.3849	7.8482	7.9142	7.6603	9.7823	9.7073	8.4899	8.2886	8.5121	9.5647	9.5989	9.3594	9.2193	12.275	9.3596	9.492	9.2014	12.187	8.7747	8.9783	9.7182	9.6572	9.835	9.3978	8.9604	9.513	8.8886	8.9953	9.2192	9.1364	9.74	9.497	10.484	9.6196	9.5209	10.557	11.63	9.4015	9.43
Cell_78	7.9742	8.3145	8.2044	8.1027	7.8937	9.1181	8.4482	8.8442	8.934	8.9085	8.8196	8.8278	7.8961	7.9397	7.9706	10.595	10.379	7.5874	7.4707	7.1966	8.8614	8.6882	8.9339	9.0849	9.2395	8.8468	8.7312	8.6369	10.572	8.6619	8.7336	7.788	8.1908	7.749	8.9394	8.6734	8.9476	8.5835	8.4074	8.3676	8.4475	7.1917	6.7631	6.7949	8.5095	8.7798	8.5348	9.1088	8.1803	8.3564
Cell_79	7.899	8.2302	9.677	9.1792	9.0168	8.3782	8.2446	9.0399	8.8768	9.0533	8.8584	7.5054	9.3513	9.2792	9.4321	9.4192	9.1976	8.7735	8.6106	8.2452	8.4762	8.3761	8.0953	8.2181	8.4786	9.7272	9.5948	7.7115	8.1018	8.3095	8.2049	9.0609	9.2164	9.212	8.8258	8.5811	8.9136	8.7157	8.4265	8.1669	8.1466	8.1505	7.7672	7.8082	9.7394	9.4194	9.7488	8.4148	8.1469	8.155
Cell_80	9.4923	9.3444	9.0972	9.2581	9.0607	8.0247	8.1095	9.0564	9.1019	9.7966	9.7028	10.101	9.005	9.2595	9.3877	9.836	9.6889	9.1236	9.1397	9.4693	9.2495	9.4286	7.9983	7.957	9.0015	9.3438	9.5107	8.2769	10.026	9.1327	8.8617	9.073	8.5302	8.7307	10.036	9.0765	9.6418	9.2528	9.2622	9.4941	9.7961	9.1786	9.3297	9.8023	9.9126	9.5604	9.9044	10.081	9.7034	9.7083
Cell_81	9.6605	9.948	8.9845	9.0316	10.032	9.5295	8.8623	10.663	9.0087	9.911	9.2767	10.472	10.436	8.9042	10.565	10.464	9.4872	10.218	8.9903	8.5574	10.91	9.8464	9.1563	9.5233	8.4961	9.0999	9.0851	8.7214	9.636	8.8898	10.092	10.422	9.1118	10.16	8.196	9.6529	10.797	9.709	9.8136	10.144	8.5658	8.7515	8.516	9.9224	10.056	9.802	10.004	9.474	9.0579	8.8195
Cell_82	7.8665	7.9732	7.4282	7.7988	7.5772	7.5202	7.6044	8.3993	7.6684	7.9025	7.8383	8.2543	6.7702	6.9547	6.8751	7.3772	7.4847	6.9647	6.8872	7.2407	7.5018	7.5157	7.5641	7.9357	8.4245	7.8522	7.5358	8.6723	8.0485	7.7723	7.4595	7.1781	6.978	7.0434	7.6748	7.9998	8.4286	7.5233	7.4162	8.581	8.4201	7.3781	7.2241	7.2208	7.9964	8.0513	7.7902	8.6322	8.2493	8.3252
Cell_83	7.9233	7.8307	7.5483	7.5258	7.3593	8.0469	8.1845	7.5661	7.6223	8.0565	8.1237	7.8153	7.4699	7.6306	7.744	7.5581	7.3082	7.3716	7.4046	7.6015	7.4999	7.5651	8.1195	8.0963	7.4191	8.2178	8.3375	7.6888	7.0712	7.5461	7.5918	7.5246	7.3219	6.9823	8.354	7.9555	7.6221	7.5692	7.6891	7.5119	7.6209	7.5176	7.4601	7.7811	8.5418	8.6873	7.2497	7.0151	8.6188	8.3163
Cell_84	10.161	10.097	9.9442	9.7994	9.9717	9.7936	9.609	8.8783	8.909	9.986	10.273	10.263	9.4346	9.5819	9.6365	9.5931	9.6308	9.5345	9.599	10.603	9.8062	10.018	9.3488	9.3684	12.181	9.8709	9.9009	8.4404	9.684	10.012	9.8331	8.287	8.3669	8.095	10.188	10.008	10.003	9.361	9.4771	10.267	10.619	10.054	9.9305	10.235	10.048	9.8889	9.6312	10.027	9.9995	9.9718
Cell_85	9.6327	9.6635	8.6705	8.583	8.8038	7.8798	7.9986	9.1772	8.6064	8.6698	8.4804	9.7273	8.1364	8.4376	8.6467	9.4687	9.7081	9.0634	8.8759	8.7128	8.4601	8.9182	7.9486	8.2067	9.6045	8.4032	8.5138	8.0818	8.9152	8.7752	8.6531	8.451	8.2945	8.2005	8.6517	8.7183	7.8819	8.2779	8.4353	8.6455	8.6403	8.3885	8.4962	7.7561	8.3668	8.3379	8.5395	10.242	9.0145	8.9009
Cell_86	10.302	10.324	10.136	9.9273	10.045	9.9333	10.121	10.531	10.299	9.6102	9.5897	10.167	9.7499	9.7405	9.9675	9.7956	10.163	9.7903	9.9352	9.6212	9.7804	9.8927	10.64	10.491	9.1995	9.6821	9.6165	8.9119	9.907	10.235	10.235	8.9673	9.2571	9.2157	9.9172	9.2331	8.186	9.833	9.8846	10.713	10.729	9.7018	9.9437	9.4502	9.8952	9.6521	9.1232	10.191	10.666	10.375
Cell_87	10.19	10.03	10.118	10.076	10.129	9.7765	10.021	7.4315	7.4627	9.8526	9.6657	8.9045	10.206	10.217	10.027	10.011	10.021	10.581	10.446	10.23	9.7723	9.7914	9.7389	9.7005	9.1977	9.2411	9.1176	7.2259	8.8105	10.267	10.087	8.3299	7.9221	8.054	9.9966	9.2239	8.0678	9.9466	10.081	8.9481	9.3039	10.379	10.386	9.8386	9.5172	9.6119	7.8406	9.4421	10.071	9.6503
Cell_88	7.338	7.6404	7.2222	7.1914	7.8954	8.6721	7.2607	8.4241	7.5378	7.0298	7.8642	6.9435	7.544	7.2667	6.6707	7.2931	6.6626	7.0537	7.1467	7.5843	6.8083	6.9791	7.5378	7.6205	7.6178	7.1288	6.836	7.5166	7.0921	6.8978	7.3484	6.9965	7.3994	8.017	7.0316	7.5337	6.8686	7.9116	8.462	7.5378	7.1082	6.125	6.7071	6.8513	6.5695	7.5151	6.6704	7.1518	7.0221	7.0396
Cell_89	7.9387	7.9541	8.641	8.6968	8.4204	7.8936	7.834	7.4071	7.5959	8.4438	8.5123	9.8492	8.7227	8.9704	9.034	8.1977	8.3009	7.5732	7.7601	7.8678	7.6318	7.6804	7.9662	7.9554	11.878	7.9734	7.8324	8.1467	10.76	8.3138	8.3207	7.3297	7.1131	6.8355	8.6383	7.821	7.7552	8.3109	8.4417	7.3593	7.5499	7.9034	7.9757	8.6943	8.2443	8.3526	6.8494	8.6549	9.3895	9.2401
Cell_90	7.3451	7.619	7.7522	7.5231	7.4406	7.7442	7.6871	8.747	8.8641	8.0197	7.8412	8.5868	7.5262	7.5157	7.3125	8.2713	8.3915	7.7395	7.6732	7.5654	7.8957	8.0214	7.6438	7.8126	8.0446	8.1522	7.8715	8.4785	8.2289	7.6016	7.6618	9.5255	9.5084	9.4578	7.8222	7.9522	8.3196	7.8207	7.7933	8.7756	8.5924	9.0076	8.9542	8.5954	8.2079	8.0993	8.4779	7.9981	7.5007	7.6552
Cell_91	8.1095	8.1046	8.3992	8.5286	8.5581	8.031	7.9393	8.2104	8.3272	7.6546	7.6123	8.5427	7.9066	8.0077	8.6075	7.3375	7.9078	8.2175	8.3647	8.1713	7.1939	7.4583	7.9729	8.1689	7.8844	7.761	7.9111	7.8324	8.4913	7.4951	7.5823	8.0199	8.021	7.9649	8.1538	7.8567	7.0182	7.243	7.1107	8.6655	8.6051	8.3457	8.4392	7.3098	7.821	8.1883	7.5871	7.834	8.2885	8.0894
Cell_92	10.286	10.209	11.065	10.965	11.036	10.869	10.813	10.23	10.23	10.364	10.533	10.219	11.266	11.266	11.48	10.911	10.756	11.017	10.998	11.07	10.787	10.772	10.895	10.686	8.9601	10.257	10.026	8.9485	10.102	10.631	10.556	10.808	10.818	11.02	10.618	10.276	10.394	10.712	10.784	10.127	10.079	10.227	10.129	10.367	10.783	10.551	10.569	9.2735	10.488	10.423
Cell_93	9.5634	9.7408	11.137	11.415	11.211	7.2069	7.3627	13.062	13.282	8.2929	8.7169	10.035	9.938	10.158	10.841	10.214	10.089	10.657	10.519	10.504	8.6293	8.8066	7.2409	7.385	9.4429	9.2867	9.189	9.2999	9.0253	9.0935	8.9084	11.669	11.712	11.763	8.4811	8.1103	12.861	8.7505	8.6442	12.773	12.61	10.191	10.057	10.814	10.136	9.56	9.1861	9.5797	9.8296	9.6487
Cell_94	8.307	8.2072	8.0053	8.0523	7.8468	8.0023	8.2473	8.1827	8.0178	8.2342	8.1559	8.3608	7.2308	7.4029	7.306	8.1831	7.8581	7.0008	7.1717	7.0882	7.9173	7.9366	7.9374	7.7421	9.9121	8.2191	8.0308	8.7244	8.6149	7.9589	8.1653	6.9622	7.0629	7.0708	8.1712	8.2032	8.6894	8.2166	8.3686	8.088	8.201	8.2571	8.3317	7.6518	7.9375	8.1353	8.3202	9.2884	8.0607	8.0297
Cell_95	8.2576	8.2777	6.8057	6.914	7.2209	8.0969	8.0003	8.2777	8.324	8.4835	8.4672	7.347	6.7477	6.85	6.5341	8.0797	8.1402	6.9327	6.9941	7.0413	8.1338	8.1868	8.0255	8.0601	7.96	9.5024	9.2399	8.0681	8.0626	8.2869	8.0338	7.0295	6.782	6.8756	8.5781	8.5605	9.7066	8.0792	8.2136	8.5461	8.4618	6.9955	6.7037	6.6832	9.6672	9.6458	12.267	10.071	8.3396	8.3341
Cell_96	8.1951	8.0953	7.3964	7.3578	7.3923	6.9985	7.1762	7.6105	7.339	8.0096	7.965	7.4226	8.3354	7.9385	8.1258	7.6874	8.1772	7.463	7.5945	8.0241	7.5273	7.6876	7.1054	7.2845	8.8062	7.7415	7.7166	7.4152	7.4231	7.6944	7.638	7.4297	7.0643	7.2508	8.0682	7.9608	7.5935	7.6387	7.6255	7.8165	8.0241	7.1927	7.0994	7.2374	8.1433	7.7914	7.5034	7.6129	7.9123	7.9246
Cell_97	8.6987	8.7276	8.4486	8.4284	8.0726	9.3975	9.1198	9.6326	9.7747	9.0808	9.0812	9.8485	8.6222	8.5042	8.2897	8.3168	8.5526	8.4046	8.4147	8.5018	8.6413	8.6741	8.8932	9.0979	9.096	9.1872	9.0757	8.8403	9.8676	8.915	8.8564	10.029	10.321	10.154	8.983	9.3161	9.1481	8.5824	8.7817	9.028	9.0953	10.878	10.871	9.9076	9.0576	9.0762	9.9689	9.3853	8.6531	8.9821
Cell_98	9.115	8.5787	8.269	8.0368	9.3343	7.9429	8.6548	8.1905	10.525	8.06	8.0871	8.1709	7.9609	8.7248	8.2989	9.2649	8.067	7.8432	8.1689	7.8361	8.1964	8.7774	8.244	8.1535	7.9952	8.2165	8.301	8.0658	8.5273	9.768	8.5825	8.6283	10.384	9.0803	8.3583	10.525	8.3284	8.1905	8.1301	8.6283	8.4812	8.6825	8.301	8.6548	9.0724	8.8893	8.3657	8.533	7.5485	8.1474
Cell_99	8.1563	8.1441	8.2845	8.4084	7.9879	8.3821	8.6264	8.7945	8.7204	8.6517	8.6575	8.7133	8.1975	8.2348	7.587	8.2037	8.4866	7.9219	7.912	7.9056	8.4857	8.5744	8.7077	8.625	8.5903	8.7021	8.9343	8.6553	9.1431	8.1656	8.3377	8.5597	8.8318	8.8414	8.4658	8.7507	8.4815	8.1196	8.3226	8.3961	8.7611	8.6968	8.4784	8.2747	8.7711	8.7502	8.592	8.2639	8.3025	8.489
Cell_100	7.8727	7.6152	7.1564	7.0589	7.2895	7.7203	7.784	8.2136	7.9723	7.8457	7.6754	7.9364	7.251	7.5157	7.4041	7.6719	7.5146	7.6418	7.5555	7.6077	7.6035	7.6169	7.8131	7.6197	6.7235	7.7726	7.5908	8.8246	7.827	7.5439	7.6839	7.177	7.345	7.3544	7.4643	7.6703	8.5427	7.5352	7.606	7.8333	7.7787	6.9685	6.875	6.9254	7.3653	7.6858	7.867	7.6168	7.7671	7.7384
