Regulator	Target	Edge_Value	Source	Gold_Standard_Value
G55	G495	1	IEntropy_True_Positive_Corrected	1
G55	G1530	1	IEntropy_True_Positive_Corrected	1
G55	G1768	1	IEntropy_True_Positive_Corrected	1
G55	G1891	1	IEntropy_True_Positive_Corrected	1
G55	G525	1	IEntropy_True_Positive_Corrected	1
G259	G4271	1	IEntropy_True_Positive_Corrected	1
G254	G4271	1	IEntropy_True_Positive_Corrected	1
G188	G4271	1	IEntropy_True_Positive_Corrected	1
G55	G1792	1	IEntropy_True_Positive_Corrected	1
G110	G2327	1	IEntropy_True_Positive_Corrected	1
G219	G2327	1	IEntropy_True_Positive_Corrected	1
G208	G2327	1	IEntropy_True_Positive_Corrected	1
G110	G329	1	IEntropy_True_Positive_Corrected	1
G219	G329	1	IEntropy_True_Positive_Corrected	1
G208	G329	1	IEntropy_True_Positive_Corrected	1
G110	G2808	1	IEntropy_True_Positive_Corrected	1
G219	G2808	1	IEntropy_True_Positive_Corrected	1
G55	G1062	1	IEntropy_True_Positive_Corrected	1
G259	G2314	1	IEntropy_True_Positive_Corrected	1
G254	G2314	1	IEntropy_True_Positive_Corrected	1
G188	G2314	1	IEntropy_True_Positive_Corrected	1
G281	G2314	1	IEntropy_True_Positive_Corrected	1
G110	G1408	1	IEntropy_True_Positive_Corrected	1
G219	G1408	1	IEntropy_True_Positive_Corrected	1
G259	G3162	1	IEntropy_True_Positive_Corrected	1
G254	G3162	1	IEntropy_True_Positive_Corrected	1
G89	G3162	1	IEntropy_True_Positive_Corrected	1
G188	G3162	1	IEntropy_True_Positive_Corrected	1
G281	G3162	1	IEntropy_True_Positive_Corrected	1
G110	G431	1	IEntropy_True_Positive_Corrected	1
G219	G431	1	IEntropy_True_Positive_Corrected	1
G86	G3647	1	IEntropy_True_Positive_Corrected	1
G86	G2760	1	IEntropy_True_Positive_Corrected	1
G254	G259	1	IEntropy_True_Positive_Corrected	1
G138	G259	1	IEntropy_True_Positive_Corrected	1
G188	G259	1	IEntropy_True_Positive_Corrected	1
G55	G259	1	IEntropy_True_Positive_Corrected	1
G110	G4351	1	IEntropy_True_Positive_Corrected	1
G219	G4351	1	IEntropy_True_Positive_Corrected	1
G259	G2929	1	IEntropy_True_Positive_Corrected	1
G254	G2929	1	IEntropy_True_Positive_Corrected	1
G89	G2929	1	IEntropy_True_Positive_Corrected	1
G188	G2929	1	IEntropy_True_Positive_Corrected	1
G281	G2929	1	IEntropy_True_Positive_Corrected	1
G110	G1457	1	IEntropy_True_Positive_Corrected	1
G219	G1457	1	IEntropy_True_Positive_Corrected	1
G145	G1051	1	IEntropy_True_Positive_Corrected	1
G55	G1051	1	IEntropy_True_Positive_Corrected	1
G268	G3200	1	IEntropy_True_Positive_Corrected	1
G282	G3200	1	IEntropy_True_Positive_Corrected	1
G333	G3200	1	IEntropy_True_Positive_Corrected	1
G207	G3200	1	IEntropy_True_Positive_Corrected	1
G244	G593	1	IEntropy_True_Positive_Corrected	1
G268	G593	1	IEntropy_True_Positive_Corrected	1
G333	G593	1	IEntropy_True_Positive_Corrected	1
G86	G593	1	IEntropy_True_Positive_Corrected	1
G86	G2744	1	IEntropy_True_Positive_Corrected	1
G55	G3751	1	IEntropy_True_Positive_Corrected	1
G86	G835	1	IEntropy_True_Positive_Corrected	1
G110	G2723	1	IEntropy_True_Positive_Corrected	1
G219	G2723	1	IEntropy_True_Positive_Corrected	1
G23	G3140	1	IEntropy_True_Positive_Corrected	1
G55	G1080	1	IEntropy_True_Positive_Corrected	1
G145	G3828	1	IEntropy_True_Positive_Corrected	1
G55	G3828	1	IEntropy_True_Positive_Corrected	1
G313	G702	1	IEntropy_True_Positive_Corrected	1
G55	G702	1	IEntropy_True_Positive_Corrected	1
G309	G796	1	IEntropy_True_Positive_Corrected	1
G89	G796	1	IEntropy_True_Positive_Corrected	1
G244	G796	1	IEntropy_True_Positive_Corrected	1
G268	G796	1	IEntropy_True_Positive_Corrected	1
G210	G796	1	IEntropy_True_Positive_Corrected	1
G333	G796	1	IEntropy_True_Positive_Corrected	1
G309	G847	1	IEntropy_True_Positive_Corrected	1
G92	G847	1	IEntropy_True_Positive_Corrected	1
G313	G847	1	IEntropy_True_Positive_Corrected	1
G305	G847	1	IEntropy_True_Positive_Corrected	1
G268	G847	1	IEntropy_True_Positive_Corrected	1
G333	G847	1	IEntropy_True_Positive_Corrected	1
G268	G534	1	IEntropy_True_Positive_Corrected	1
G282	G534	1	IEntropy_True_Positive_Corrected	1
G333	G534	1	IEntropy_True_Positive_Corrected	1
G207	G534	1	IEntropy_True_Positive_Corrected	1
G268	G2479	1	IEntropy_True_Positive_Corrected	1
G55	G2479	1	IEntropy_True_Positive_Corrected	1
G333	G2479	1	IEntropy_True_Positive_Corrected	1
G281	G3371	1	IEntropy_True_Positive_Corrected	1
G244	G3371	1	IEntropy_True_Positive_Corrected	1
G145	G4356	1	IEntropy_True_Positive_Corrected	1
G55	G4356	1	IEntropy_True_Positive_Corrected	1
G84	G700	1	IEntropy_True_Positive_Corrected	1
G268	G3879	1	IEntropy_True_Positive_Corrected	1
G55	G3879	1	IEntropy_True_Positive_Corrected	1
G333	G3879	1	IEntropy_True_Positive_Corrected	1
G55	G4173	1	IEntropy_True_Positive_Corrected	1
G259	G2709	1	IEntropy_True_Positive_Corrected	1
G254	G2709	1	IEntropy_True_Positive_Corrected	1
G188	G2709	1	IEntropy_True_Positive_Corrected	1
G268	G4083	1	IEntropy_True_Positive_Corrected	1
G333	G4083	1	IEntropy_True_Positive_Corrected	1
G313	G3562	1	IEntropy_True_Positive_Corrected	1
G55	G3562	1	IEntropy_True_Positive_Corrected	1
G4	G1532	1	IEntropy_True_Positive_Corrected	1
G268	G1532	1	IEntropy_True_Positive_Corrected	1
G55	G1532	1	IEntropy_True_Positive_Corrected	1
G333	G1532	1	IEntropy_True_Positive_Corrected	1
G23	G1658	1	IEntropy_True_Positive_Corrected	1
G268	G1658	1	IEntropy_True_Positive_Corrected	1
G55	G1658	1	IEntropy_True_Positive_Corrected	1
G333	G1658	1	IEntropy_True_Positive_Corrected	1
G110	G353	1	IEntropy_True_Positive_Corrected	1
G219	G353	1	IEntropy_True_Positive_Corrected	1
G23	G3489	1	IEntropy_True_Positive_Corrected	1
G23	G2543	1	IEntropy_True_Positive_Corrected	1
G86	G2680	1	IEntropy_True_Positive_Corrected	1
G110	G1462	1	IEntropy_True_Positive_Corrected	1
G219	G1462	1	IEntropy_True_Positive_Corrected	1
G244	G650	1	IEntropy_True_Positive_Corrected	1
G23	G887	1	IEntropy_True_Positive_Corrected	1
G268	G887	1	IEntropy_True_Positive_Corrected	1
G55	G887	1	IEntropy_True_Positive_Corrected	1
G333	G887	1	IEntropy_True_Positive_Corrected	1
G187	G1195	1	IEntropy_True_Positive_Corrected	1
G313	G1195	1	IEntropy_True_Positive_Corrected	1
G140	G3973	1	IEntropy_True_Positive_Corrected	1
G313	G936	1	IEntropy_True_Positive_Corrected	1
G55	G936	1	IEntropy_True_Positive_Corrected	1
G110	G4119	1	IEntropy_True_Positive_Corrected	1
G219	G4119	1	IEntropy_True_Positive_Corrected	1
G92	G2097	1	IEntropy_True_Positive_Corrected	1
G73	G2884	1	IEntropy_True_Positive_Corrected	1
G172	G844	1	IEntropy_True_Positive_Corrected	1
G55	G1036	1	IEntropy_True_Positive_Corrected	1
G110	G3252	1	IEntropy_True_Positive_Corrected	1
G219	G3252	1	IEntropy_True_Positive_Corrected	1
G281	G3676	1	IEntropy_True_Positive_Corrected	1
G305	G3676	1	IEntropy_True_Positive_Corrected	1
G55	G4282	1	IEntropy_True_Positive_Corrected	1
G313	G187	1	IEntropy_True_Positive_Corrected	1
G92	G3326	1	IEntropy_True_Positive_Corrected	1
G55	G3326	1	IEntropy_True_Positive_Corrected	1
G254	G1116	1	IEntropy_True_Positive_Corrected	1
G188	G1116	1	IEntropy_True_Positive_Corrected	1
G140	G2341	1	IEntropy_True_Positive_Corrected	1
G4	G1029	1	IEntropy_True_Positive_Corrected	1
G268	G1029	1	IEntropy_True_Positive_Corrected	1
G55	G1029	1	IEntropy_True_Positive_Corrected	1
G333	G1029	1	IEntropy_True_Positive_Corrected	1
G10	G110	1	IEntropy_True_Positive_Corrected	1
G281	G110	1	IEntropy_True_Positive_Corrected	1
G22	G110	1	IEntropy_True_Positive_Corrected	1
G55	G110	1	IEntropy_True_Positive_Corrected	1
G259	G666	1	IEntropy_True_Positive_Corrected	1
G281	G666	1	IEntropy_True_Positive_Corrected	1
G244	G3754	1	IEntropy_True_Positive_Corrected	1
G268	G3754	1	IEntropy_True_Positive_Corrected	1
G55	G3754	1	IEntropy_True_Positive_Corrected	1
G333	G3754	1	IEntropy_True_Positive_Corrected	1
G244	G2818	1	IEntropy_True_Positive_Corrected	1
G313	G965	1	IEntropy_True_Positive_Corrected	1
G55	G965	1	IEntropy_True_Positive_Corrected	1
G244	G600	1	IEntropy_True_Positive_Corrected	1
G259	G1404	1	IEntropy_True_Positive_Corrected	1
G244	G1404	1	IEntropy_True_Positive_Corrected	1
G268	G1404	1	IEntropy_True_Positive_Corrected	1
G55	G1404	1	IEntropy_True_Positive_Corrected	1
G333	G1404	1	IEntropy_True_Positive_Corrected	1
G268	G1545	1	IEntropy_True_Positive_Corrected	1
G333	G1545	1	IEntropy_True_Positive_Corrected	1
G199	G1545	1	IEntropy_True_Positive_Corrected	1
G179	G1545	1	IEntropy_True_Positive_Corrected	1
G140	G4492	1	IEntropy_True_Positive_Corrected	1
G116	G2265	1	IEntropy_True_Positive_Corrected	1
G305	G2265	1	IEntropy_True_Positive_Corrected	1
G268	G2265	1	IEntropy_True_Positive_Corrected	1
G333	G2265	1	IEntropy_True_Positive_Corrected	1
G235	G2265	1	IEntropy_True_Positive_Corrected	1
G23	G4146	1	IEntropy_True_Positive_Corrected	1
G55	G4146	1	IEntropy_True_Positive_Corrected	1
G55	G2302	1	IEntropy_True_Positive_Corrected	1
G23	G1744	1	IEntropy_True_Positive_Corrected	1
G92	G4063	1	IEntropy_True_Positive_Corrected	1
G192	G4063	1	IEntropy_True_Positive_Corrected	1
G268	G4063	1	IEntropy_True_Positive_Corrected	1
G333	G4063	1	IEntropy_True_Positive_Corrected	1
G55	G2581	1	IEntropy_True_Positive_Corrected	1
G125	G4209	1	IEntropy_True_Positive_Corrected	1
G23	G4029	1	IEntropy_True_Positive_Corrected	1
G313	G4296	1	IEntropy_True_Positive_Corrected	1
G69	G4296	1	IEntropy_True_Positive_Corrected	1
G125	G3668	1	IEntropy_True_Positive_Corrected	1
G145	G2423	1	IEntropy_True_Positive_Corrected	1
G92	G2474	1	IEntropy_True_Positive_Corrected	1
G268	G2474	1	IEntropy_True_Positive_Corrected	1
G333	G2474	1	IEntropy_True_Positive_Corrected	1
G110	G2837	1	IEntropy_True_Positive_Corrected	1
G219	G2837	1	IEntropy_True_Positive_Corrected	1
G92	G3321	1	IEntropy_True_Positive_Corrected	1
G192	G3321	1	IEntropy_True_Positive_Corrected	1
G268	G3321	1	IEntropy_True_Positive_Corrected	1
G333	G3321	1	IEntropy_True_Positive_Corrected	1
G235	G3333	1	IEntropy_True_Positive_Corrected	1
G13	G1434	1	IEntropy_True_Positive_Corrected	1
G116	G1874	1	IEntropy_True_Positive_Corrected	1
G313	G2238	1	IEntropy_True_Positive_Corrected	1
G55	G2238	1	IEntropy_True_Positive_Corrected	1
G23	G4361	1	IEntropy_True_Positive_Corrected	1
G55	G4361	1	IEntropy_True_Positive_Corrected	1
G323	G309	1	IEntropy_True_Positive_Corrected	1
G244	G1019	1	IEntropy_True_Positive_Corrected	1
G268	G1019	1	IEntropy_True_Positive_Corrected	1
G333	G1019	1	IEntropy_True_Positive_Corrected	1
G313	G2024	1	IEntropy_True_Positive_Corrected	1
G69	G2024	1	IEntropy_True_Positive_Corrected	1
G313	G4303	1	IEntropy_True_Positive_Corrected	1
G55	G4303	1	IEntropy_True_Positive_Corrected	1
G110	G1847	1	IEntropy_True_Positive_Corrected	1
G219	G1847	1	IEntropy_True_Positive_Corrected	1
G313	G2375	1	IEntropy_True_Positive_Corrected	1
G55	G2375	1	IEntropy_True_Positive_Corrected	1
G23	G3827	1	IEntropy_True_Positive_Corrected	1
G172	G4279	1	IEntropy_True_Positive_Corrected	1
G244	G1616	1	IEntropy_True_Positive_Corrected	1
G244	G2340	1	IEntropy_True_Positive_Corrected	1
G55	G2340	1	IEntropy_True_Positive_Corrected	1
G244	G3258	1	IEntropy_True_Positive_Corrected	1
G73	G931	1	IEntropy_True_Positive_Corrected	1
G110	G3058	1	IEntropy_True_Positive_Corrected	1
G219	G3058	1	IEntropy_True_Positive_Corrected	1
G192	G1844	1	IEntropy_True_Positive_Corrected	1
G23	G3048	1	IEntropy_True_Positive_Corrected	1
G277	G3519	1	IEntropy_True_Positive_Corrected	1
G55	G3519	1	IEntropy_True_Positive_Corrected	1
G11	G2025	1	IEntropy_True_Positive_Corrected	1
G55	G2025	1	IEntropy_True_Positive_Corrected	1
G4	G3044	1	IEntropy_True_Positive_Corrected	1
G268	G3044	1	IEntropy_True_Positive_Corrected	1
G55	G3044	1	IEntropy_True_Positive_Corrected	1
G333	G3044	1	IEntropy_True_Positive_Corrected	1
G73	G4027	1	IEntropy_True_Positive_Corrected	1
G268	G3621	1	IEntropy_True_Positive_Corrected	1
G333	G3621	1	IEntropy_True_Positive_Corrected	1
G281	G3274	1	IEntropy_True_Positive_Corrected	1
G277	G2964	1	IEntropy_True_Positive_Corrected	1
G55	G2964	1	IEntropy_True_Positive_Corrected	1
G244	G3529	1	IEntropy_True_Positive_Corrected	1
G116	G3471	1	IEntropy_True_Positive_Corrected	1
G313	G3406	1	IEntropy_True_Positive_Corrected	1
G268	G3406	1	IEntropy_True_Positive_Corrected	1
G55	G3406	1	IEntropy_True_Positive_Corrected	1
G333	G3406	1	IEntropy_True_Positive_Corrected	1
G55	G11	1	IEntropy_True_Positive_Corrected	1
G313	G2763	1	IEntropy_True_Positive_Corrected	1
G69	G2763	1	IEntropy_True_Positive_Corrected	1
G55	G948	1	IEntropy_True_Positive_Corrected	1
G259	G254	1	IEntropy_True_Positive_Corrected	1
G188	G254	1	IEntropy_True_Positive_Corrected	1
G281	G254	1	IEntropy_True_Positive_Corrected	1
G244	G673	1	IEntropy_True_Positive_Corrected	1
G86	G4306	1	IEntropy_True_Positive_Corrected	1
G23	G4125	1	IEntropy_True_Positive_Corrected	1
G92	G4125	1	IEntropy_True_Positive_Corrected	1
G281	G4125	1	IEntropy_True_Positive_Corrected	1
G192	G4125	1	IEntropy_True_Positive_Corrected	1
G268	G4125	1	IEntropy_True_Positive_Corrected	1
G282	G4125	1	IEntropy_True_Positive_Corrected	1
G333	G4125	1	IEntropy_True_Positive_Corrected	1
G220	G4125	1	IEntropy_True_Positive_Corrected	1
G313	G4415	1	IEntropy_True_Positive_Corrected	1
G69	G4415	1	IEntropy_True_Positive_Corrected	1
G55	G3233	1	IEntropy_True_Positive_Corrected	1
G176	G3233	1	IEntropy_True_Positive_Corrected	1
G23	G3374	1	IEntropy_True_Positive_Corrected	1
G268	G3374	1	IEntropy_True_Positive_Corrected	1
G55	G3374	1	IEntropy_True_Positive_Corrected	1
G333	G3374	1	IEntropy_True_Positive_Corrected	1
G10	G2689	1	IEntropy_True_Positive_Corrected	1
G55	G2773	1	IEntropy_True_Positive_Corrected	1
G110	G2074	1	IEntropy_True_Positive_Corrected	1
G219	G2074	1	IEntropy_True_Positive_Corrected	1
G92	G659	1	IEntropy_True_Positive_Corrected	1
G281	G659	1	IEntropy_True_Positive_Corrected	1
G313	G659	1	IEntropy_True_Positive_Corrected	1
G282	G659	1	IEntropy_True_Positive_Corrected	1
G244	G995	1	IEntropy_True_Positive_Corrected	1
G92	G3432	1	IEntropy_True_Positive_Corrected	1
G192	G3432	1	IEntropy_True_Positive_Corrected	1
G268	G3432	1	IEntropy_True_Positive_Corrected	1
G333	G3432	1	IEntropy_True_Positive_Corrected	1
G140	G4434	1	IEntropy_True_Positive_Corrected	1
G73	G4404	1	IEntropy_True_Positive_Corrected	1
G55	G1719	1	IEntropy_True_Positive_Corrected	1
G23	G872	1	IEntropy_True_Positive_Corrected	1
G145	G3031	1	IEntropy_True_Positive_Corrected	1
G55	G3031	1	IEntropy_True_Positive_Corrected	1
G55	G1157	1	IEntropy_True_Positive_Corrected	1
G313	G4020	1	IEntropy_True_Positive_Corrected	1
G55	G4020	1	IEntropy_True_Positive_Corrected	1
G55	G2121	1	IEntropy_True_Positive_Corrected	1
G176	G2121	1	IEntropy_True_Positive_Corrected	1
G92	G2041	1	IEntropy_True_Positive_Corrected	1
G192	G2041	1	IEntropy_True_Positive_Corrected	1
G268	G2041	1	IEntropy_True_Positive_Corrected	1
G333	G2041	1	IEntropy_True_Positive_Corrected	1
G281	G1008	1	IEntropy_True_Positive_Corrected	1
G268	G1290	1	IEntropy_True_Positive_Corrected	1
G333	G1290	1	IEntropy_True_Positive_Corrected	1
G268	G2782	1	IEntropy_True_Positive_Corrected	1
G333	G2782	1	IEntropy_True_Positive_Corrected	1
G23	G3310	1	IEntropy_True_Positive_Corrected	1
G92	G4167	1	IEntropy_True_Positive_Corrected	1
G192	G4167	1	IEntropy_True_Positive_Corrected	1
G277	G4422	1	IEntropy_True_Positive_Corrected	1
G55	G4422	1	IEntropy_True_Positive_Corrected	1
G11	G2991	1	IEntropy_True_Positive_Corrected	1
G55	G2991	1	IEntropy_True_Positive_Corrected	1
G259	G3813	1	IEntropy_True_Positive_Corrected	1
G244	G3813	1	IEntropy_True_Positive_Corrected	1
G268	G3813	1	IEntropy_True_Positive_Corrected	1
G55	G3813	1	IEntropy_True_Positive_Corrected	1
G333	G3813	1	IEntropy_True_Positive_Corrected	1
G313	G3036	1	IEntropy_True_Positive_Corrected	1
G55	G3036	1	IEntropy_True_Positive_Corrected	1
G92	G1631	1	IEntropy_True_Positive_Corrected	1
G192	G1631	1	IEntropy_True_Positive_Corrected	1
G244	G4019	1	IEntropy_True_Positive_Corrected	1
G92	G3466	1	IEntropy_True_Positive_Corrected	1
G69	G3466	1	IEntropy_True_Positive_Corrected	1
G268	G3488	1	IEntropy_True_Positive_Corrected	1
G333	G3488	1	IEntropy_True_Positive_Corrected	1
G268	G3158	1	IEntropy_True_Positive_Corrected	1
G333	G3158	1	IEntropy_True_Positive_Corrected	1
G277	G2895	1	IEntropy_True_Positive_Corrected	1
G55	G2895	1	IEntropy_True_Positive_Corrected	1
G92	G3459	1	IEntropy_True_Positive_Corrected	1
G69	G3459	1	IEntropy_True_Positive_Corrected	1
G332	G284	1	IEntropy_True_Positive_Corrected	1
G113	G3356	1	IEntropy_True_Positive_Corrected	1
G183	G3356	1	IEntropy_True_Positive_Corrected	1
G281	G3356	1	IEntropy_True_Positive_Corrected	1
G315	G3356	1	IEntropy_True_Positive_Corrected	1
G55	G3356	1	IEntropy_True_Positive_Corrected	1
G277	G3460	1	IEntropy_True_Positive_Corrected	1
G55	G3460	1	IEntropy_True_Positive_Corrected	1
G172	G2058	1	IEntropy_True_Positive_Corrected	1
G140	G934	1	IEntropy_True_Positive_Corrected	1
G110	G2450	1	IEntropy_True_Positive_Corrected	1
G219	G2450	1	IEntropy_True_Positive_Corrected	1
G10	G219	1	IEntropy_True_Positive_Corrected	1
G281	G219	1	IEntropy_True_Positive_Corrected	1
G22	G219	1	IEntropy_True_Positive_Corrected	1
G55	G219	1	IEntropy_True_Positive_Corrected	1
G309	G1662	1	IEntropy_True_Positive_Corrected	1
G23	G1662	1	IEntropy_True_Positive_Corrected	1
G313	G1662	1	IEntropy_True_Positive_Corrected	1
G55	G1662	1	IEntropy_True_Positive_Corrected	1
G176	G1662	1	IEntropy_True_Positive_Corrected	1
G55	G2660	1	IEntropy_True_Positive_Corrected	1
G23	G2877	1	IEntropy_True_Positive_Corrected	1
G313	G1035	1	IEntropy_True_Positive_Corrected	1
G282	G1035	1	IEntropy_True_Positive_Corrected	1
G281	G2783	1	IEntropy_True_Positive_Corrected	1
G23	G93	1	IEntropy_True_Positive_Corrected	1
G140	G2331	1	IEntropy_True_Positive_Corrected	1
G116	G2440	1	IEntropy_True_Positive_Corrected	1
G244	G3315	1	IEntropy_True_Positive_Corrected	1
G268	G2575	1	IEntropy_True_Positive_Corrected	1
G333	G2575	1	IEntropy_True_Positive_Corrected	1
G23	G1927	1	IEntropy_True_Positive_Corrected	1
G281	G1927	1	IEntropy_True_Positive_Corrected	1
G313	G2746	1	IEntropy_True_Positive_Corrected	1
G11	G2961	1	IEntropy_True_Positive_Corrected	1
G55	G2961	1	IEntropy_True_Positive_Corrected	1
G55	G3205	1	IEntropy_True_Positive_Corrected	1
G259	G1119	1	IEntropy_True_Positive_Corrected	1
G254	G1119	1	IEntropy_True_Positive_Corrected	1
G89	G1119	1	IEntropy_True_Positive_Corrected	1
G188	G1119	1	IEntropy_True_Positive_Corrected	1
G281	G1119	1	IEntropy_True_Positive_Corrected	1
G23	G4411	1	IEntropy_True_Positive_Corrected	1
G92	G4411	1	IEntropy_True_Positive_Corrected	1
G268	G4411	1	IEntropy_True_Positive_Corrected	1
G69	G4411	1	IEntropy_True_Positive_Corrected	1
G333	G4411	1	IEntropy_True_Positive_Corrected	1
G244	G2394	1	IEntropy_True_Positive_Corrected	1
G55	G2394	1	IEntropy_True_Positive_Corrected	1
G13	G3497	1	IEntropy_True_Positive_Corrected	1
G92	G2754	1	IEntropy_True_Positive_Corrected	1
G192	G2754	1	IEntropy_True_Positive_Corrected	1
G244	G3262	1	IEntropy_True_Positive_Corrected	1
G268	G3262	1	IEntropy_True_Positive_Corrected	1
G333	G3262	1	IEntropy_True_Positive_Corrected	1
G86	G3262	1	IEntropy_True_Positive_Corrected	1
G268	G3755	1	IEntropy_True_Positive_Corrected	1
G333	G3755	1	IEntropy_True_Positive_Corrected	1
G199	G3755	1	IEntropy_True_Positive_Corrected	1
G179	G3755	1	IEntropy_True_Positive_Corrected	1
G84	G1906	1	IEntropy_True_Positive_Corrected	1
G55	G3367	1	IEntropy_True_Positive_Corrected	1
G23	G2926	1	IEntropy_True_Positive_Corrected	1
G55	G2926	1	IEntropy_True_Positive_Corrected	1
G216	G299	1	IEntropy_True_Positive_Corrected	1
G268	G2269	1	IEntropy_True_Positive_Corrected	1
G333	G2269	1	IEntropy_True_Positive_Corrected	1
G55	G1074	1	IEntropy_True_Positive_Corrected	1
G313	G2451	1	IEntropy_True_Positive_Corrected	1
G55	G2451	1	IEntropy_True_Positive_Corrected	1
G92	G2404	1	IEntropy_True_Positive_Corrected	1
G281	G2404	1	IEntropy_True_Positive_Corrected	1
G313	G2404	1	IEntropy_True_Positive_Corrected	1
G282	G2404	1	IEntropy_True_Positive_Corrected	1
G145	G2515	1	IEntropy_True_Positive_Corrected	1
G55	G2515	1	IEntropy_True_Positive_Corrected	1
G244	G1893	1	IEntropy_True_Positive_Corrected	1
G23	G89	1	IEntropy_True_Positive_Corrected	1
G19	G89	1	IEntropy_True_Positive_Corrected	1
G210	G89	1	IEntropy_True_Positive_Corrected	1
G281	G3825	1	IEntropy_True_Positive_Corrected	1
G244	G3825	1	IEntropy_True_Positive_Corrected	1
G305	G2983	1	IEntropy_True_Positive_Corrected	1
G55	G2916	1	IEntropy_True_Positive_Corrected	1
G235	G3498	1	IEntropy_True_Positive_Corrected	1
G4	G1034	1	IEntropy_True_Positive_Corrected	1
G268	G1034	1	IEntropy_True_Positive_Corrected	1
G55	G1034	1	IEntropy_True_Positive_Corrected	1
G333	G1034	1	IEntropy_True_Positive_Corrected	1
G244	G2893	1	IEntropy_True_Positive_Corrected	1
G315	G3748	1	IEntropy_True_Positive_Corrected	1
G86	G3153	1	IEntropy_True_Positive_Corrected	1
G199	G4040	1	IEntropy_True_Positive_Corrected	1
G110	G2293	1	IEntropy_True_Positive_Corrected	1
G219	G2293	1	IEntropy_True_Positive_Corrected	1
G313	G316	1	IEntropy_True_Positive_Corrected	1
G55	G316	1	IEntropy_True_Positive_Corrected	1
G313	G3810	1	IEntropy_True_Positive_Corrected	1
G55	G3810	1	IEntropy_True_Positive_Corrected	1
G299	G216	1	IEntropy_True_Positive_Corrected	1
G10	G1952	1	IEntropy_True_Positive_Corrected	1
G244	G1952	1	IEntropy_True_Positive_Corrected	1
G264	G1952	1	IEntropy_True_Positive_Corrected	1
G86	G3976	1	IEntropy_True_Positive_Corrected	1
G36	G1653	1	IEntropy_True_Positive_Corrected	1
G313	G1653	1	IEntropy_True_Positive_Corrected	1
G268	G1653	1	IEntropy_True_Positive_Corrected	1
G333	G1653	1	IEntropy_True_Positive_Corrected	1
G84	G4476	1	IEntropy_True_Positive_Corrected	1
G23	G4196	1	IEntropy_True_Positive_Corrected	1
G282	G4196	1	IEntropy_True_Positive_Corrected	1
G23	G1730	1	IEntropy_True_Positive_Corrected	1
G92	G1730	1	IEntropy_True_Positive_Corrected	1
G313	G1730	1	IEntropy_True_Positive_Corrected	1
G268	G1730	1	IEntropy_True_Positive_Corrected	1
G333	G1730	1	IEntropy_True_Positive_Corrected	1
G268	G2316	1	IEntropy_True_Positive_Corrected	1
G333	G2316	1	IEntropy_True_Positive_Corrected	1
G66	G2316	1	IEntropy_True_Positive_Corrected	1
G277	G3282	1	IEntropy_True_Positive_Corrected	1
G55	G3282	1	IEntropy_True_Positive_Corrected	1
G284	G332	1	IEntropy_True_Positive_Corrected	1
G199	G4252	1	IEntropy_True_Positive_Corrected	1
G92	G3561	1	IEntropy_True_Positive_Corrected	1
G192	G3561	1	IEntropy_True_Positive_Corrected	1
G86	G4439	1	IEntropy_True_Positive_Corrected	1
G281	G2392	1	IEntropy_True_Positive_Corrected	1
G244	G2392	1	IEntropy_True_Positive_Corrected	1
G209	G1928	1	IEntropy_True_Positive_Corrected	1
G66	G1928	1	IEntropy_True_Positive_Corrected	1
G259	G188	1	IEntropy_True_Positive_Corrected	1
G254	G188	1	IEntropy_True_Positive_Corrected	1
G281	G188	1	IEntropy_True_Positive_Corrected	1
G55	G2487	1	IEntropy_True_Positive_Corrected	1
G268	G4	1	IEntropy_True_Positive_Corrected	1
G55	G4	1	IEntropy_True_Positive_Corrected	1
G333	G4	1	IEntropy_True_Positive_Corrected	1
G244	G3662	1	IEntropy_True_Positive_Corrected	1
G268	G3662	1	IEntropy_True_Positive_Corrected	1
G333	G3662	1	IEntropy_True_Positive_Corrected	1
G23	G3365	1	IEntropy_True_Positive_Corrected	1
G92	G3365	1	IEntropy_True_Positive_Corrected	1
G192	G3365	1	IEntropy_True_Positive_Corrected	1
G268	G3365	1	IEntropy_True_Positive_Corrected	1
G333	G3365	1	IEntropy_True_Positive_Corrected	1
G220	G3365	1	IEntropy_True_Positive_Corrected	1
G167	G1398	1	IEntropy_True_Positive_Corrected	1
G55	G1398	1	IEntropy_True_Positive_Corrected	1
G268	G1776	1	IEntropy_True_Positive_Corrected	1
G333	G1776	1	IEntropy_True_Positive_Corrected	1
G92	G1539	1	IEntropy_True_Positive_Corrected	1
G313	G1539	1	IEntropy_True_Positive_Corrected	1
G192	G1539	1	IEntropy_True_Positive_Corrected	1
G268	G1539	1	IEntropy_True_Positive_Corrected	1
G55	G1539	1	IEntropy_True_Positive_Corrected	1
G333	G1539	1	IEntropy_True_Positive_Corrected	1
G92	G4058	1	IEntropy_True_Positive_Corrected	1
G192	G4058	1	IEntropy_True_Positive_Corrected	1
G116	G2990	1	IEntropy_True_Positive_Corrected	1
G199	G4143	1	IEntropy_True_Positive_Corrected	1
G55	G434	1	IEntropy_True_Positive_Corrected	1
G36	G2317	1	IEntropy_True_Positive_Corrected	1
G313	G2317	1	IEntropy_True_Positive_Corrected	1
G268	G2317	1	IEntropy_True_Positive_Corrected	1
G333	G2317	1	IEntropy_True_Positive_Corrected	1
G305	G4186	1	IEntropy_True_Positive_Corrected	1
G145	G2031	1	IEntropy_True_Positive_Corrected	1
G55	G2031	1	IEntropy_True_Positive_Corrected	1
G11	G448	1	IEntropy_True_Positive_Corrected	1
G55	G448	1	IEntropy_True_Positive_Corrected	1
G116	G2602	1	IEntropy_True_Positive_Corrected	1
G116	G3399	1	IEntropy_True_Positive_Corrected	1
G305	G3399	1	IEntropy_True_Positive_Corrected	1
G268	G3399	1	IEntropy_True_Positive_Corrected	1
G333	G3399	1	IEntropy_True_Positive_Corrected	1
G235	G3399	1	IEntropy_True_Positive_Corrected	1
G305	G4332	1	IEntropy_True_Positive_Corrected	1
G254	G4453	1	IEntropy_True_Positive_Corrected	1
G188	G4453	1	IEntropy_True_Positive_Corrected	1
G268	G2965	1	IEntropy_True_Positive_Corrected	1
G333	G2965	1	IEntropy_True_Positive_Corrected	1
G55	G797	1	IEntropy_True_Positive_Corrected	1
G281	G3398	1	IEntropy_True_Positive_Corrected	1
G199	G2619	1	IEntropy_True_Positive_Corrected	1
G140	G197	1	IEntropy_True_Positive_Corrected	1
G92	G3727	1	IEntropy_True_Positive_Corrected	1
G268	G3727	1	IEntropy_True_Positive_Corrected	1
G333	G3727	1	IEntropy_True_Positive_Corrected	1
G116	G774	1	IEntropy_True_Positive_Corrected	1
G305	G774	1	IEntropy_True_Positive_Corrected	1
G268	G774	1	IEntropy_True_Positive_Corrected	1
G333	G774	1	IEntropy_True_Positive_Corrected	1
G235	G774	1	IEntropy_True_Positive_Corrected	1
G92	G4035	1	IEntropy_True_Positive_Corrected	1
G192	G4035	1	IEntropy_True_Positive_Corrected	1
G268	G4035	1	IEntropy_True_Positive_Corrected	1
G333	G4035	1	IEntropy_True_Positive_Corrected	1
G110	G3679	1	IEntropy_True_Positive_Corrected	1
G219	G3679	1	IEntropy_True_Positive_Corrected	1
G187	G2989	1	IEntropy_True_Positive_Corrected	1
G313	G2989	1	IEntropy_True_Positive_Corrected	1
G113	G3953	1	IEntropy_True_Positive_Corrected	1
G183	G3953	1	IEntropy_True_Positive_Corrected	1
G281	G3953	1	IEntropy_True_Positive_Corrected	1
G315	G3953	1	IEntropy_True_Positive_Corrected	1
G55	G3953	1	IEntropy_True_Positive_Corrected	1
G305	G243	1	IEntropy_True_Positive_Corrected	1
G23	G3983	1	IEntropy_True_Positive_Corrected	1
G192	G3983	1	IEntropy_True_Positive_Corrected	1
G116	G3966	1	IEntropy_True_Positive_Corrected	1
G305	G3966	1	IEntropy_True_Positive_Corrected	1
G268	G3966	1	IEntropy_True_Positive_Corrected	1
G333	G3966	1	IEntropy_True_Positive_Corrected	1
G235	G3966	1	IEntropy_True_Positive_Corrected	1
G92	G869	1	IEntropy_True_Positive_Corrected	1
G192	G869	1	IEntropy_True_Positive_Corrected	1
G23	G4065	1	IEntropy_True_Positive_Corrected	1
G125	G1097	1	IEntropy_True_Positive_Corrected	1
G268	G3971	1	IEntropy_True_Positive_Corrected	1
G333	G3971	1	IEntropy_True_Positive_Corrected	1
G313	G3598	1	IEntropy_True_Positive_Corrected	1
G23	G2765	1	IEntropy_True_Positive_Corrected	1
G92	G3369	1	IEntropy_True_Positive_Corrected	1
G268	G3369	1	IEntropy_True_Positive_Corrected	1
G333	G3369	1	IEntropy_True_Positive_Corrected	1
G305	G1814	1	IEntropy_True_Positive_Corrected	1
G168	G1814	1	IEntropy_True_Positive_Corrected	1
G235	G1814	1	IEntropy_True_Positive_Corrected	1
G116	G340	1	IEntropy_True_Positive_Corrected	1
G305	G340	1	IEntropy_True_Positive_Corrected	1
G268	G340	1	IEntropy_True_Positive_Corrected	1
G333	G340	1	IEntropy_True_Positive_Corrected	1
G235	G340	1	IEntropy_True_Positive_Corrected	1
G110	G3161	1	IEntropy_True_Positive_Corrected	1
G219	G3161	1	IEntropy_True_Positive_Corrected	1
G116	G3329	1	IEntropy_True_Positive_Corrected	1
G305	G3329	1	IEntropy_True_Positive_Corrected	1
G268	G3329	1	IEntropy_True_Positive_Corrected	1
G333	G3329	1	IEntropy_True_Positive_Corrected	1
G235	G3329	1	IEntropy_True_Positive_Corrected	1
G281	G886	1	IEntropy_True_Positive_Corrected	1
G125	G3961	1	IEntropy_True_Positive_Corrected	1
G23	G3129	1	IEntropy_True_Positive_Corrected	1
G92	G3129	1	IEntropy_True_Positive_Corrected	1
G313	G3129	1	IEntropy_True_Positive_Corrected	1
G268	G3129	1	IEntropy_True_Positive_Corrected	1
G333	G3129	1	IEntropy_True_Positive_Corrected	1
G73	G839	1	IEntropy_True_Positive_Corrected	1
G281	G1054	1	IEntropy_True_Positive_Corrected	1
G66	G3835	1	IEntropy_True_Positive_Corrected	1
G268	G77	1	IEntropy_True_Positive_Corrected	1
G333	G77	1	IEntropy_True_Positive_Corrected	1
G92	G2666	1	IEntropy_True_Positive_Corrected	1
G313	G2666	1	IEntropy_True_Positive_Corrected	1
G192	G2666	1	IEntropy_True_Positive_Corrected	1
G268	G2666	1	IEntropy_True_Positive_Corrected	1
G55	G2666	1	IEntropy_True_Positive_Corrected	1
G333	G2666	1	IEntropy_True_Positive_Corrected	1
G277	G2800	1	IEntropy_True_Positive_Corrected	1
G55	G2800	1	IEntropy_True_Positive_Corrected	1
G23	G2505	1	IEntropy_True_Positive_Corrected	1
G55	G2505	1	IEntropy_True_Positive_Corrected	1
G199	G2505	1	IEntropy_True_Positive_Corrected	1
G313	G1323	1	IEntropy_True_Positive_Corrected	1
G69	G1323	1	IEntropy_True_Positive_Corrected	1
G259	G2821	1	IEntropy_True_Positive_Corrected	1
G254	G2821	1	IEntropy_True_Positive_Corrected	1
G138	G2821	1	IEntropy_True_Positive_Corrected	1
G188	G2821	1	IEntropy_True_Positive_Corrected	1
G55	G2821	1	IEntropy_True_Positive_Corrected	1
G55	G3057	1	IEntropy_True_Positive_Corrected	1
G76	G3522	1	IEntropy_True_Positive_Corrected	1
G281	G3522	1	IEntropy_True_Positive_Corrected	1
G55	G3522	1	IEntropy_True_Positive_Corrected	1
G55	G4335	1	IEntropy_True_Positive_Corrected	1
G277	G2258	1	IEntropy_True_Positive_Corrected	1
G55	G2258	1	IEntropy_True_Positive_Corrected	1
G305	G4367	1	IEntropy_True_Positive_Corrected	1
G23	G4113	1	IEntropy_True_Positive_Corrected	1
G55	G4113	1	IEntropy_True_Positive_Corrected	1
G92	G3530	1	IEntropy_True_Positive_Corrected	1
G192	G3530	1	IEntropy_True_Positive_Corrected	1
G281	G331	1	IEntropy_True_Positive_Corrected	1
G244	G331	1	IEntropy_True_Positive_Corrected	1
G116	G4389	1	IEntropy_True_Positive_Corrected	1
G172	G3617	1	IEntropy_True_Positive_Corrected	1
G305	G4074	1	IEntropy_True_Positive_Corrected	1
G244	G2225	1	IEntropy_True_Positive_Corrected	1
G55	G2225	1	IEntropy_True_Positive_Corrected	1
G23	G3990	1	IEntropy_True_Positive_Corrected	1
G172	G3990	1	IEntropy_True_Positive_Corrected	1
G244	G896	1	IEntropy_True_Positive_Corrected	1
G23	G876	1	IEntropy_True_Positive_Corrected	1
G92	G876	1	IEntropy_True_Positive_Corrected	1
G281	G876	1	IEntropy_True_Positive_Corrected	1
G192	G876	1	IEntropy_True_Positive_Corrected	1
G268	G876	1	IEntropy_True_Positive_Corrected	1
G282	G876	1	IEntropy_True_Positive_Corrected	1
G333	G876	1	IEntropy_True_Positive_Corrected	1
G220	G876	1	IEntropy_True_Positive_Corrected	1
G23	G1950	1	IEntropy_True_Positive_Corrected	1
G92	G1950	1	IEntropy_True_Positive_Corrected	1
G313	G1950	1	IEntropy_True_Positive_Corrected	1
G268	G1950	1	IEntropy_True_Positive_Corrected	1
G333	G1950	1	IEntropy_True_Positive_Corrected	1
G23	G400	1	IEntropy_True_Positive_Corrected	1
G55	G3766	1	IEntropy_True_Positive_Corrected	1
G176	G3766	1	IEntropy_True_Positive_Corrected	1
G23	G3682	1	IEntropy_True_Positive_Corrected	1
G116	G4206	1	IEntropy_True_Positive_Corrected	1
G76	G2629	1	IEntropy_True_Positive_Corrected	1
G281	G2629	1	IEntropy_True_Positive_Corrected	1
G55	G2629	1	IEntropy_True_Positive_Corrected	1
G199	G853	1	IEntropy_True_Positive_Corrected	1
G313	G78	1	IEntropy_True_Positive_Corrected	1
G10	G1708	1	IEntropy_True_Positive_Corrected	1
G23	G684	1	IEntropy_True_Positive_Corrected	1
G92	G684	1	IEntropy_True_Positive_Corrected	1
G313	G684	1	IEntropy_True_Positive_Corrected	1
G268	G684	1	IEntropy_True_Positive_Corrected	1
G333	G684	1	IEntropy_True_Positive_Corrected	1
G282	G3302	1	IEntropy_True_Positive_Corrected	1
G23	G2605	1	IEntropy_True_Positive_Corrected	1
G172	G2605	1	IEntropy_True_Positive_Corrected	1
G23	G2637	1	IEntropy_True_Positive_Corrected	1
G92	G2637	1	IEntropy_True_Positive_Corrected	1
G313	G2637	1	IEntropy_True_Positive_Corrected	1
G268	G2637	1	IEntropy_True_Positive_Corrected	1
G333	G2637	1	IEntropy_True_Positive_Corrected	1
G284	G3423	1	IEntropy_True_Positive_Corrected	1
G332	G3423	1	IEntropy_True_Positive_Corrected	1
G145	G4168	1	IEntropy_True_Positive_Corrected	1
G4	G907	1	IEntropy_True_Positive_Corrected	1
G268	G907	1	IEntropy_True_Positive_Corrected	1
G55	G907	1	IEntropy_True_Positive_Corrected	1
G333	G907	1	IEntropy_True_Positive_Corrected	1
G259	G10	1	IEntropy_True_Positive_Corrected	1
G55	G4362	1	IEntropy_True_Positive_Corrected	1
G268	G23	1	IEntropy_True_Positive_Corrected	1
G55	G23	1	IEntropy_True_Positive_Corrected	1
G333	G23	1	IEntropy_True_Positive_Corrected	1
G268	G2968	1	IEntropy_True_Positive_Corrected	1
G333	G2968	1	IEntropy_True_Positive_Corrected	1
G23	G113	1	IEntropy_True_Positive_Corrected	1
G55	G113	1	IEntropy_True_Positive_Corrected	1
G244	G3484	1	IEntropy_True_Positive_Corrected	1
G55	G3484	1	IEntropy_True_Positive_Corrected	1
G23	G890	1	IEntropy_True_Positive_Corrected	1
G23	G183	1	IEntropy_True_Positive_Corrected	1
G55	G183	1	IEntropy_True_Positive_Corrected	1
G116	G3360	1	IEntropy_True_Positive_Corrected	1
G92	G3360	1	IEntropy_True_Positive_Corrected	1
G192	G3360	1	IEntropy_True_Positive_Corrected	1
G220	G3360	1	IEntropy_True_Positive_Corrected	1
G73	G3800	1	IEntropy_True_Positive_Corrected	1
G55	G3419	1	IEntropy_True_Positive_Corrected	1
G282	G3419	1	IEntropy_True_Positive_Corrected	1
G116	G2562	1	IEntropy_True_Positive_Corrected	1
G23	G572	1	IEntropy_True_Positive_Corrected	1
G305	G1886	1	IEntropy_True_Positive_Corrected	1
G282	G4266	1	IEntropy_True_Positive_Corrected	1
G86	G4246	1	IEntropy_True_Positive_Corrected	1
G86	G2334	1	IEntropy_True_Positive_Corrected	1
G268	G480	1	IEntropy_True_Positive_Corrected	1
G333	G480	1	IEntropy_True_Positive_Corrected	1
G92	G151	1	IEntropy_True_Positive_Corrected	1
G55	G151	1	IEntropy_True_Positive_Corrected	1
G268	G306	1	IEntropy_True_Positive_Corrected	1
G333	G306	1	IEntropy_True_Positive_Corrected	1
G309	G1246	1	IEntropy_True_Positive_Corrected	1
G89	G1246	1	IEntropy_True_Positive_Corrected	1
G210	G1246	1	IEntropy_True_Positive_Corrected	1
G323	G1246	1	IEntropy_True_Positive_Corrected	1
G23	G2028	1	IEntropy_True_Positive_Corrected	1
G244	G3475	1	IEntropy_True_Positive_Corrected	1
G55	G3475	1	IEntropy_True_Positive_Corrected	1
G36	G2453	1	IEntropy_True_Positive_Corrected	1
G313	G2453	1	IEntropy_True_Positive_Corrected	1
G268	G2453	1	IEntropy_True_Positive_Corrected	1
G333	G2453	1	IEntropy_True_Positive_Corrected	1
G268	G4057	1	IEntropy_True_Positive_Corrected	1
G333	G4057	1	IEntropy_True_Positive_Corrected	1
G199	G2751	1	IEntropy_True_Positive_Corrected	1
G268	G4255	1	IEntropy_True_Positive_Corrected	1
G333	G4255	1	IEntropy_True_Positive_Corrected	1
G92	G1505	1	IEntropy_True_Positive_Corrected	1
G192	G1505	1	IEntropy_True_Positive_Corrected	1
G268	G1505	1	IEntropy_True_Positive_Corrected	1
G333	G1505	1	IEntropy_True_Positive_Corrected	1
G244	G1969	1	IEntropy_True_Positive_Corrected	1
G55	G3415	1	IEntropy_True_Positive_Corrected	1
G23	G2527	1	IEntropy_True_Positive_Corrected	1
G92	G2527	1	IEntropy_True_Positive_Corrected	1
G313	G2527	1	IEntropy_True_Positive_Corrected	1
G268	G2527	1	IEntropy_True_Positive_Corrected	1
G333	G2527	1	IEntropy_True_Positive_Corrected	1
G92	G4166	1	IEntropy_True_Positive_Corrected	1
G172	G4166	1	IEntropy_True_Positive_Corrected	1
G84	G3331	1	IEntropy_True_Positive_Corrected	1
G281	G2645	1	IEntropy_True_Positive_Corrected	1
G23	G992	1	IEntropy_True_Positive_Corrected	1
G268	G992	1	IEntropy_True_Positive_Corrected	1
G55	G992	1	IEntropy_True_Positive_Corrected	1
G333	G992	1	IEntropy_True_Positive_Corrected	1
G209	G1940	1	IEntropy_True_Positive_Corrected	1
G86	G1940	1	IEntropy_True_Positive_Corrected	1
G7	G281	1	IEntropy_True_Positive_Corrected	1
G23	G281	1	IEntropy_True_Positive_Corrected	1
G328	G1255	1	IEntropy_True_Positive_Corrected	1
G23	G488	1	IEntropy_True_Positive_Corrected	1
G92	G488	1	IEntropy_True_Positive_Corrected	1
G313	G488	1	IEntropy_True_Positive_Corrected	1
G268	G488	1	IEntropy_True_Positive_Corrected	1
G333	G488	1	IEntropy_True_Positive_Corrected	1
G244	G1458	1	IEntropy_True_Positive_Corrected	1
G55	G1458	1	IEntropy_True_Positive_Corrected	1
G305	G2387	1	IEntropy_True_Positive_Corrected	1
G199	G1222	1	IEntropy_True_Positive_Corrected	1
G208	G1280	1	IEntropy_True_Positive_Corrected	1
G282	G3080	1	IEntropy_True_Positive_Corrected	1
G86	G3607	1	IEntropy_True_Positive_Corrected	1
G244	G1308	1	IEntropy_True_Positive_Corrected	1
G92	G2610	1	IEntropy_True_Positive_Corrected	1
G55	G2489	1	IEntropy_True_Positive_Corrected	1
G76	G1190	1	IEntropy_True_Positive_Corrected	1
G281	G1190	1	IEntropy_True_Positive_Corrected	1
G55	G1190	1	IEntropy_True_Positive_Corrected	1
G23	G2707	1	IEntropy_True_Positive_Corrected	1
G92	G2707	1	IEntropy_True_Positive_Corrected	1
G313	G2707	1	IEntropy_True_Positive_Corrected	1
G268	G2707	1	IEntropy_True_Positive_Corrected	1
G333	G2707	1	IEntropy_True_Positive_Corrected	1
G92	G1250	1	IEntropy_True_Positive_Corrected	1
G281	G1250	1	IEntropy_True_Positive_Corrected	1
G55	G1250	1	IEntropy_True_Positive_Corrected	1
G4	G4157	1	IEntropy_True_Positive_Corrected	1
G268	G4157	1	IEntropy_True_Positive_Corrected	1
G55	G4157	1	IEntropy_True_Positive_Corrected	1
G333	G4157	1	IEntropy_True_Positive_Corrected	1
G259	G2668	1	IEntropy_True_Positive_Corrected	1
G254	G2668	1	IEntropy_True_Positive_Corrected	1
G138	G2668	1	IEntropy_True_Positive_Corrected	1
G188	G2668	1	IEntropy_True_Positive_Corrected	1
G55	G2668	1	IEntropy_True_Positive_Corrected	1
G23	G3831	1	IEntropy_True_Positive_Corrected	1
G92	G3831	1	IEntropy_True_Positive_Corrected	1
G313	G3831	1	IEntropy_True_Positive_Corrected	1
G268	G3831	1	IEntropy_True_Positive_Corrected	1
G333	G3831	1	IEntropy_True_Positive_Corrected	1
G235	G1650	1	IEntropy_True_Positive_Corrected	1
G305	G2604	1	IEntropy_True_Positive_Corrected	1
G235	G3245	1	IEntropy_True_Positive_Corrected	1
G209	G150	1	IEntropy_True_Positive_Corrected	1
G86	G150	1	IEntropy_True_Positive_Corrected	1
G36	G1743	1	IEntropy_True_Positive_Corrected	1
G313	G1743	1	IEntropy_True_Positive_Corrected	1
G268	G1743	1	IEntropy_True_Positive_Corrected	1
G333	G1743	1	IEntropy_True_Positive_Corrected	1
G282	G1114	1	IEntropy_True_Positive_Corrected	1
G11	G2615	1	IEntropy_True_Positive_Corrected	1
G55	G2615	1	IEntropy_True_Positive_Corrected	1
G313	G3339	1	IEntropy_True_Positive_Corrected	1
G55	G2805	1	IEntropy_True_Positive_Corrected	1
G11	G1783	1	IEntropy_True_Positive_Corrected	1
G55	G1783	1	IEntropy_True_Positive_Corrected	1
G113	G3742	1	IEntropy_True_Positive_Corrected	1
G183	G3742	1	IEntropy_True_Positive_Corrected	1
G281	G3742	1	IEntropy_True_Positive_Corrected	1
G315	G3742	1	IEntropy_True_Positive_Corrected	1
G55	G3742	1	IEntropy_True_Positive_Corrected	1
G23	G999	1	IEntropy_True_Positive_Corrected	1
G23	G1822	1	IEntropy_True_Positive_Corrected	1
G167	G1133	1	IEntropy_True_Positive_Corrected	1
G55	G1133	1	IEntropy_True_Positive_Corrected	1
G116	G1307	1	IEntropy_True_Positive_Corrected	1
G55	G4270	1	IEntropy_True_Positive_Corrected	1
G55	G3449	1	IEntropy_True_Positive_Corrected	1
G305	G1765	1	IEntropy_True_Positive_Corrected	1
G86	G1895	1	IEntropy_True_Positive_Corrected	1
G305	G1091	1	IEntropy_True_Positive_Corrected	1
G66	G3366	1	IEntropy_True_Positive_Corrected	1
G23	G3330	1	IEntropy_True_Positive_Corrected	1
G92	G3330	1	IEntropy_True_Positive_Corrected	1
G192	G3330	1	IEntropy_True_Positive_Corrected	1
G268	G3330	1	IEntropy_True_Positive_Corrected	1
G333	G3330	1	IEntropy_True_Positive_Corrected	1
G220	G3330	1	IEntropy_True_Positive_Corrected	1
G55	G167	1	IEntropy_True_Positive_Corrected	1
G235	G1230	1	IEntropy_True_Positive_Corrected	1
G309	G1020	1	IEntropy_True_Positive_Corrected	1
G235	G1020	1	IEntropy_True_Positive_Corrected	1
G23	G2516	1	IEntropy_True_Positive_Corrected	1
G92	G2516	1	IEntropy_True_Positive_Corrected	1
G313	G2516	1	IEntropy_True_Positive_Corrected	1
G268	G2516	1	IEntropy_True_Positive_Corrected	1
G333	G2516	1	IEntropy_True_Positive_Corrected	1
G305	G1601	1	IEntropy_True_Positive_Corrected	1
G280	G1702	1	IEntropy_True_Positive_Corrected	1
G199	G4488	1	IEntropy_True_Positive_Corrected	1
G244	G342	1	IEntropy_True_Positive_Corrected	1
G268	G342	1	IEntropy_True_Positive_Corrected	1
G333	G342	1	IEntropy_True_Positive_Corrected	1
G55	G95	1	IEntropy_True_Positive_Corrected	1
G89	G19	1	IEntropy_True_Positive_Corrected	1
G23	G19	1	IEntropy_True_Positive_Corrected	1
G210	G19	1	IEntropy_True_Positive_Corrected	1
G55	G145	1	IEntropy_True_Positive_Corrected	1
G176	G145	1	IEntropy_True_Positive_Corrected	1
G140	G465	1	IEntropy_True_Positive_Corrected	1
G11	G2592	1	IEntropy_True_Positive_Corrected	1
G55	G2592	1	IEntropy_True_Positive_Corrected	1
G23	G4344	1	IEntropy_True_Positive_Corrected	1
G92	G4344	1	IEntropy_True_Positive_Corrected	1
G313	G4344	1	IEntropy_True_Positive_Corrected	1
G268	G4344	1	IEntropy_True_Positive_Corrected	1
G333	G4344	1	IEntropy_True_Positive_Corrected	1
G110	G2924	1	IEntropy_True_Positive_Corrected	1
G219	G2924	1	IEntropy_True_Positive_Corrected	1
G208	G2924	1	IEntropy_True_Positive_Corrected	1
G140	G1000	1	IEntropy_True_Positive_Corrected	1
G125	G209	1	IEntropy_True_Positive_Corrected	1
G244	G2897	1	IEntropy_True_Positive_Corrected	1
G55	G2897	1	IEntropy_True_Positive_Corrected	1
G254	G4312	1	IEntropy_True_Positive_Corrected	1
G188	G4312	1	IEntropy_True_Positive_Corrected	1
G199	G947	1	IEntropy_True_Positive_Corrected	1
G73	G1904	1	IEntropy_True_Positive_Corrected	1
G282	G4212	1	IEntropy_True_Positive_Corrected	1
G73	G450	1	IEntropy_True_Positive_Corrected	1
G23	G4447	1	IEntropy_True_Positive_Corrected	1
G92	G4447	1	IEntropy_True_Positive_Corrected	1
G313	G4447	1	IEntropy_True_Positive_Corrected	1
G69	G4447	1	IEntropy_True_Positive_Corrected	1
G92	G2825	1	IEntropy_True_Positive_Corrected	1
G192	G2825	1	IEntropy_True_Positive_Corrected	1
G220	G2825	1	IEntropy_True_Positive_Corrected	1
G268	G3940	1	IEntropy_True_Positive_Corrected	1
G333	G3940	1	IEntropy_True_Positive_Corrected	1
G66	G3940	1	IEntropy_True_Positive_Corrected	1
G209	G1090	1	IEntropy_True_Positive_Corrected	1
G86	G1090	1	IEntropy_True_Positive_Corrected	1
G89	G519	1	IEntropy_True_Positive_Corrected	1
G199	G519	1	IEntropy_True_Positive_Corrected	1
G244	G2761	1	IEntropy_True_Positive_Corrected	1
G268	G2761	1	IEntropy_True_Positive_Corrected	1
G333	G2761	1	IEntropy_True_Positive_Corrected	1
G313	G2072	1	IEntropy_True_Positive_Corrected	1
G244	G2424	1	IEntropy_True_Positive_Corrected	1
G268	G2701	1	IEntropy_True_Positive_Corrected	1
G333	G2701	1	IEntropy_True_Positive_Corrected	1
G176	G4133	1	IEntropy_True_Positive_Corrected	1
G55	G2446	1	IEntropy_True_Positive_Corrected	1
G282	G2446	1	IEntropy_True_Positive_Corrected	1
G176	G2446	1	IEntropy_True_Positive_Corrected	1
G55	G2000	1	IEntropy_True_Positive_Corrected	1
G86	G3972	1	IEntropy_True_Positive_Corrected	1
G55	G2566	1	IEntropy_True_Positive_Corrected	1
G313	G3195	1	IEntropy_True_Positive_Corrected	1
G82	G57	1	IEntropy_True_Positive_Corrected	1
G23	G2321	1	IEntropy_True_Positive_Corrected	1
G92	G2321	1	IEntropy_True_Positive_Corrected	1
G313	G2321	1	IEntropy_True_Positive_Corrected	1
G268	G2321	1	IEntropy_True_Positive_Corrected	1
G333	G2321	1	IEntropy_True_Positive_Corrected	1
G281	G1392	1	IEntropy_True_Positive_Corrected	1
G268	G1392	1	IEntropy_True_Positive_Corrected	1
G333	G1392	1	IEntropy_True_Positive_Corrected	1
G55	G3891	1	IEntropy_True_Positive_Corrected	1
G192	G1146	1	IEntropy_True_Positive_Corrected	1
G125	G2014	1	IEntropy_True_Positive_Corrected	1
G23	G3861	1	IEntropy_True_Positive_Corrected	1
G92	G3861	1	IEntropy_True_Positive_Corrected	1
G313	G3861	1	IEntropy_True_Positive_Corrected	1
G268	G3861	1	IEntropy_True_Positive_Corrected	1
G333	G3861	1	IEntropy_True_Positive_Corrected	1
G202	G809	1	IEntropy_True_Positive_Corrected	1
G309	G1736	1	IEntropy_True_Positive_Corrected	1
G116	G2799	1	IEntropy_True_Positive_Corrected	1
G73	G1138	1	IEntropy_True_Positive_Corrected	1
G86	G632	1	IEntropy_True_Positive_Corrected	1
G73	G201	1	IEntropy_True_Positive_Corrected	1
G116	G1284	1	IEntropy_True_Positive_Corrected	1
G199	G2054	1	IEntropy_True_Positive_Corrected	1
G55	G277	1	IEntropy_True_Positive_Corrected	1
G55	G1802	1	IEntropy_True_Positive_Corrected	1
G23	G1049	1	IEntropy_True_Positive_Corrected	1
G55	G1049	1	IEntropy_True_Positive_Corrected	1
G92	G2287	1	IEntropy_True_Positive_Corrected	1
G192	G2287	1	IEntropy_True_Positive_Corrected	1
G202	G956	1	IEntropy_True_Positive_Corrected	1
G192	G2135	1	IEntropy_True_Positive_Corrected	1
G140	G817	1	IEntropy_True_Positive_Corrected	1
G92	G3731	1	IEntropy_True_Positive_Corrected	1
G192	G3731	1	IEntropy_True_Positive_Corrected	1
G220	G3731	1	IEntropy_True_Positive_Corrected	1
G23	G4300	1	IEntropy_True_Positive_Corrected	1
G55	G4300	1	IEntropy_True_Positive_Corrected	1
G199	G4300	1	IEntropy_True_Positive_Corrected	1
G92	G192	1	IEntropy_True_Positive_Corrected	1
G55	G443	1	IEntropy_True_Positive_Corrected	1
G282	G443	1	IEntropy_True_Positive_Corrected	1
G268	G1830	1	IEntropy_True_Positive_Corrected	1
G333	G1830	1	IEntropy_True_Positive_Corrected	1
G309	G305	1	IEntropy_True_Positive_Corrected	1
G55	G305	1	IEntropy_True_Positive_Corrected	1
G235	G305	1	IEntropy_True_Positive_Corrected	1
G305	G3725	1	IEntropy_True_Positive_Corrected	1
G55	G2834	1	IEntropy_True_Positive_Corrected	1
G282	G2834	1	IEntropy_True_Positive_Corrected	1
G313	G3011	1	IEntropy_True_Positive_Corrected	1
G333	G268	1	IEntropy_True_Positive_Corrected	1
G55	G161	1	IEntropy_True_Positive_Corrected	1
G140	G518	1	IEntropy_True_Positive_Corrected	1
G92	G3785	1	IEntropy_True_Positive_Corrected	1
G192	G3785	1	IEntropy_True_Positive_Corrected	1
G268	G3785	1	IEntropy_True_Positive_Corrected	1
G333	G3785	1	IEntropy_True_Positive_Corrected	1
G23	G1997	1	IEntropy_True_Positive_Corrected	1
G268	G3554	1	IEntropy_True_Positive_Corrected	1
G333	G3554	1	IEntropy_True_Positive_Corrected	1
G66	G3554	1	IEntropy_True_Positive_Corrected	1
G55	G2795	1	IEntropy_True_Positive_Corrected	1
G66	G2795	1	IEntropy_True_Positive_Corrected	1
G55	G315	1	IEntropy_True_Positive_Corrected	1
G199	G3894	1	IEntropy_True_Positive_Corrected	1
G235	G3029	1	IEntropy_True_Positive_Corrected	1
G268	G1525	1	IEntropy_True_Positive_Corrected	1
G333	G1525	1	IEntropy_True_Positive_Corrected	1
G92	G3380	1	IEntropy_True_Positive_Corrected	1
G192	G3380	1	IEntropy_True_Positive_Corrected	1
G220	G3380	1	IEntropy_True_Positive_Corrected	1
G55	G4145	1	IEntropy_True_Positive_Corrected	1
G55	G691	1	IEntropy_True_Positive_Corrected	1
G268	G2595	1	IEntropy_True_Positive_Corrected	1
G333	G2595	1	IEntropy_True_Positive_Corrected	1
G73	G2325	1	IEntropy_True_Positive_Corrected	1
G268	G3951	1	IEntropy_True_Positive_Corrected	1
G282	G3951	1	IEntropy_True_Positive_Corrected	1
G333	G3951	1	IEntropy_True_Positive_Corrected	1
G207	G3951	1	IEntropy_True_Positive_Corrected	1
G23	G55	1	IEntropy_True_Positive_Corrected	1
G23	G3769	1	IEntropy_True_Positive_Corrected	1
G192	G3769	1	IEntropy_True_Positive_Corrected	1
G268	G3994	1	IEntropy_True_Positive_Corrected	1
G55	G3994	1	IEntropy_True_Positive_Corrected	1
G333	G3994	1	IEntropy_True_Positive_Corrected	1
G281	G319	1	IEntropy_True_Positive_Corrected	1
G10	G3199	1	IEntropy_True_Positive_Corrected	1
G244	G4106	1	IEntropy_True_Positive_Corrected	1
G268	G4106	1	IEntropy_True_Positive_Corrected	1
G333	G4106	1	IEntropy_True_Positive_Corrected	1
G6	G1101	1	IEntropy_True_Positive_Corrected	1
G55	G1643	1	IEntropy_True_Positive_Corrected	1
G23	G1117	1	IEntropy_True_Positive_Corrected	1
G55	G1117	1	IEntropy_True_Positive_Corrected	1
G110	G1903	1	IEntropy_True_Positive_Corrected	1
G219	G1903	1	IEntropy_True_Positive_Corrected	1
G55	G2819	1	IEntropy_True_Positive_Corrected	1
G244	G3431	1	IEntropy_True_Positive_Corrected	1
G55	G3431	1	IEntropy_True_Positive_Corrected	1
G282	G2368	1	IEntropy_True_Positive_Corrected	1
G116	G3610	1	IEntropy_True_Positive_Corrected	1
G92	G3610	1	IEntropy_True_Positive_Corrected	1
G192	G3610	1	IEntropy_True_Positive_Corrected	1
G220	G3610	1	IEntropy_True_Positive_Corrected	1
G23	G4098	1	IEntropy_True_Positive_Corrected	1
G55	G4098	1	IEntropy_True_Positive_Corrected	1
G309	G3911	1	IEntropy_True_Positive_Corrected	1
G92	G69	1	IEntropy_True_Positive_Corrected	1
G268	G1645	1	IEntropy_True_Positive_Corrected	1
G333	G1645	1	IEntropy_True_Positive_Corrected	1
G66	G1645	1	IEntropy_True_Positive_Corrected	1
G268	G1394	1	IEntropy_True_Positive_Corrected	1
G333	G1394	1	IEntropy_True_Positive_Corrected	1
G55	G2708	1	IEntropy_True_Positive_Corrected	1
G23	G3221	1	IEntropy_True_Positive_Corrected	1
G92	G3221	1	IEntropy_True_Positive_Corrected	1
G281	G3221	1	IEntropy_True_Positive_Corrected	1
G192	G3221	1	IEntropy_True_Positive_Corrected	1
G268	G3221	1	IEntropy_True_Positive_Corrected	1
G282	G3221	1	IEntropy_True_Positive_Corrected	1
G333	G3221	1	IEntropy_True_Positive_Corrected	1
G220	G3221	1	IEntropy_True_Positive_Corrected	1
G268	G2303	1	IEntropy_True_Positive_Corrected	1
G333	G2303	1	IEntropy_True_Positive_Corrected	1
G86	G2809	1	IEntropy_True_Positive_Corrected	1
G55	G1767	1	IEntropy_True_Positive_Corrected	1
G55	G539	1	IEntropy_True_Positive_Corrected	1
G89	G2737	1	IEntropy_True_Positive_Corrected	1
G23	G2737	1	IEntropy_True_Positive_Corrected	1
G19	G2737	1	IEntropy_True_Positive_Corrected	1
G210	G2737	1	IEntropy_True_Positive_Corrected	1
G110	G413	1	IEntropy_True_Positive_Corrected	1
G219	G413	1	IEntropy_True_Positive_Corrected	1
G113	G3457	1	IEntropy_True_Positive_Corrected	1
G183	G3457	1	IEntropy_True_Positive_Corrected	1
G281	G3457	1	IEntropy_True_Positive_Corrected	1
G315	G3457	1	IEntropy_True_Positive_Corrected	1
G55	G3457	1	IEntropy_True_Positive_Corrected	1
G199	G3414	1	IEntropy_True_Positive_Corrected	1
G244	G4107	1	IEntropy_True_Positive_Corrected	1
G73	G2469	1	IEntropy_True_Positive_Corrected	1
G313	G2469	1	IEntropy_True_Positive_Corrected	1
G268	G2393	1	IEntropy_True_Positive_Corrected	1
G55	G2393	1	IEntropy_True_Positive_Corrected	1
G333	G2393	1	IEntropy_True_Positive_Corrected	1
G84	G2678	1	IEntropy_True_Positive_Corrected	1
G55	G1464	1	IEntropy_True_Positive_Corrected	1
G282	G1464	1	IEntropy_True_Positive_Corrected	1
G92	G1332	1	IEntropy_True_Positive_Corrected	1
G268	G2242	1	IEntropy_True_Positive_Corrected	1
G55	G2242	1	IEntropy_True_Positive_Corrected	1
G333	G2242	1	IEntropy_True_Positive_Corrected	1
G305	G2228	1	IEntropy_True_Positive_Corrected	1
G55	G3730	1	IEntropy_True_Positive_Corrected	1
G55	G3681	1	IEntropy_True_Positive_Corrected	1
G235	G658	1	IEntropy_True_Positive_Corrected	1
G199	G1365	1	IEntropy_True_Positive_Corrected	1
G55	G1551	1	IEntropy_True_Positive_Corrected	1
G282	G1551	1	IEntropy_True_Positive_Corrected	1
G277	G204	1	IEntropy_True_Positive_Corrected	1
G268	G204	1	IEntropy_True_Positive_Corrected	1
G55	G204	1	IEntropy_True_Positive_Corrected	1
G333	G204	1	IEntropy_True_Positive_Corrected	1
G89	G210	1	IEntropy_True_Positive_Corrected	1
G23	G1705	1	IEntropy_True_Positive_Corrected	1
G92	G1705	1	IEntropy_True_Positive_Corrected	1
G192	G1705	1	IEntropy_True_Positive_Corrected	1
G268	G1705	1	IEntropy_True_Positive_Corrected	1
G333	G1705	1	IEntropy_True_Positive_Corrected	1
G220	G1705	1	IEntropy_True_Positive_Corrected	1
G268	G333	1	IEntropy_True_Positive_Corrected	1
G116	G678	1	IEntropy_True_Positive_Corrected	1
G92	G678	1	IEntropy_True_Positive_Corrected	1
G192	G678	1	IEntropy_True_Positive_Corrected	1
G220	G678	1	IEntropy_True_Positive_Corrected	1
G23	G3584	1	IEntropy_True_Positive_Corrected	1
G55	G3584	1	IEntropy_True_Positive_Corrected	1
G281	G4329	1	IEntropy_True_Positive_Corrected	1
G244	G4329	1	IEntropy_True_Positive_Corrected	1
G110	G911	1	IEntropy_True_Positive_Corrected	1
G219	G911	1	IEntropy_True_Positive_Corrected	1
G55	G2724	1	IEntropy_True_Positive_Corrected	1
G116	G2043	1	IEntropy_True_Positive_Corrected	1
G92	G2043	1	IEntropy_True_Positive_Corrected	1
G192	G2043	1	IEntropy_True_Positive_Corrected	1
G220	G2043	1	IEntropy_True_Positive_Corrected	1
G55	G1586	1	IEntropy_True_Positive_Corrected	1
G23	G4322	1	IEntropy_True_Positive_Corrected	1
G55	G4322	1	IEntropy_True_Positive_Corrected	1
G55	G3336	1	IEntropy_True_Positive_Corrected	1
G55	G60	1	IEntropy_True_Positive_Corrected	1
G282	G60	1	IEntropy_True_Positive_Corrected	1
G55	G3896	1	IEntropy_True_Positive_Corrected	1
G55	G3768	1	IEntropy_True_Positive_Corrected	1
G55	G3296	1	IEntropy_True_Positive_Corrected	1
G282	G3296	1	IEntropy_True_Positive_Corrected	1
G176	G3296	1	IEntropy_True_Positive_Corrected	1
G305	G408	1	IEntropy_True_Positive_Corrected	1
G309	G1654	1	IEntropy_True_Positive_Corrected	1
G23	G3775	1	IEntropy_True_Positive_Corrected	1
G55	G3775	1	IEntropy_True_Positive_Corrected	1
G193	G367	1	IEntropy_True_Positive_Corrected	1
G309	G3670	1	IEntropy_True_Positive_Corrected	1
G277	G1058	1	IEntropy_True_Positive_Corrected	1
G55	G1058	1	IEntropy_True_Positive_Corrected	1
G86	G1058	1	IEntropy_True_Positive_Corrected	1
G199	G657	1	IEntropy_True_Positive_Corrected	1
G55	G1778	1	IEntropy_True_Positive_Corrected	1
G282	G1778	1	IEntropy_True_Positive_Corrected	1
G176	G1778	1	IEntropy_True_Positive_Corrected	1
G73	G1170	1	IEntropy_True_Positive_Corrected	1
G92	G4251	1	IEntropy_True_Positive_Corrected	1
G309	G2553	1	IEntropy_True_Positive_Corrected	1
G89	G2553	1	IEntropy_True_Positive_Corrected	1
G210	G2553	1	IEntropy_True_Positive_Corrected	1
G305	G246	1	IEntropy_True_Positive_Corrected	1
G281	G2217	1	IEntropy_True_Positive_Corrected	1
G244	G2217	1	IEntropy_True_Positive_Corrected	1
G313	G4417	1	IEntropy_True_Positive_Corrected	1
G92	G925	1	IEntropy_True_Positive_Corrected	1
G192	G925	1	IEntropy_True_Positive_Corrected	1
G220	G925	1	IEntropy_True_Positive_Corrected	1
G92	G3586	1	IEntropy_True_Positive_Corrected	1
G125	G2123	1	IEntropy_True_Positive_Corrected	1
G268	G3108	1	IEntropy_True_Positive_Corrected	1
G55	G3108	1	IEntropy_True_Positive_Corrected	1
G333	G3108	1	IEntropy_True_Positive_Corrected	1
G55	G989	1	IEntropy_True_Positive_Corrected	1
G23	G2932	1	IEntropy_True_Positive_Corrected	1
G268	G3938	1	IEntropy_True_Positive_Corrected	1
G333	G3938	1	IEntropy_True_Positive_Corrected	1
G73	G2381	1	IEntropy_True_Positive_Corrected	1
G305	G823	1	IEntropy_True_Positive_Corrected	1
G268	G1589	1	IEntropy_True_Positive_Corrected	1
G333	G1589	1	IEntropy_True_Positive_Corrected	1
G23	G900	1	IEntropy_True_Positive_Corrected	1
G55	G900	1	IEntropy_True_Positive_Corrected	1
G23	G2844	1	IEntropy_True_Positive_Corrected	1
G55	G2844	1	IEntropy_True_Positive_Corrected	1
G313	G3099	1	IEntropy_True_Positive_Corrected	1
G92	G3817	1	IEntropy_True_Positive_Corrected	1
G55	G3189	1	IEntropy_True_Positive_Corrected	1
G66	G3189	1	IEntropy_True_Positive_Corrected	1
G55	G2388	1	IEntropy_True_Positive_Corrected	1
G309	G1079	1	IEntropy_True_Positive_Corrected	1
G268	G1846	1	IEntropy_True_Positive_Corrected	1
G333	G1846	1	IEntropy_True_Positive_Corrected	1
G23	G2360	1	IEntropy_True_Positive_Corrected	1
G55	G2360	1	IEntropy_True_Positive_Corrected	1
G92	G4003	1	IEntropy_True_Positive_Corrected	1
G192	G4003	1	IEntropy_True_Positive_Corrected	1
G268	G4003	1	IEntropy_True_Positive_Corrected	1
G333	G4003	1	IEntropy_True_Positive_Corrected	1
G268	G3184	1	IEntropy_True_Positive_Corrected	1
G55	G3184	1	IEntropy_True_Positive_Corrected	1
G333	G3184	1	IEntropy_True_Positive_Corrected	1
G92	G2855	1	IEntropy_True_Positive_Corrected	1
G172	G2855	1	IEntropy_True_Positive_Corrected	1
G110	G1330	1	IEntropy_True_Positive_Corrected	1
G219	G1330	1	IEntropy_True_Positive_Corrected	1
G55	G681	1	IEntropy_True_Positive_Corrected	1
G86	G1491	1	IEntropy_True_Positive_Corrected	1
G282	G2896	1	IEntropy_True_Positive_Corrected	1
G121	G2896	1	IEntropy_True_Positive_Corrected	1
G66	G2896	1	IEntropy_True_Positive_Corrected	1
G305	G2125	1	IEntropy_True_Positive_Corrected	1
G55	G1499	1	IEntropy_True_Positive_Corrected	1
G55	G4016	1	IEntropy_True_Positive_Corrected	1
G66	G4016	1	IEntropy_True_Positive_Corrected	1
G55	G2319	1	IEntropy_True_Positive_Corrected	1
G313	G1039	1	IEntropy_True_Positive_Corrected	1
G23	G1965	1	IEntropy_True_Positive_Corrected	1
G55	G1420	1	IEntropy_True_Positive_Corrected	1
G55	G2775	1	IEntropy_True_Positive_Corrected	1
G92	G3074	1	IEntropy_True_Positive_Corrected	1
G116	G1186	1	IEntropy_True_Positive_Corrected	1
G209	G2244	1	IEntropy_True_Positive_Corrected	1
G86	G2244	1	IEntropy_True_Positive_Corrected	1
G268	G4072	1	IEntropy_True_Positive_Corrected	1
G333	G4072	1	IEntropy_True_Positive_Corrected	1
G66	G4072	1	IEntropy_True_Positive_Corrected	1
G23	G1941	1	IEntropy_True_Positive_Corrected	1
G66	G1564	1	IEntropy_True_Positive_Corrected	1
G92	G3528	1	IEntropy_True_Positive_Corrected	1
G268	G3528	1	IEntropy_True_Positive_Corrected	1
G333	G3528	1	IEntropy_True_Positive_Corrected	1
G309	G2616	1	IEntropy_True_Positive_Corrected	1
G92	G1771	1	IEntropy_True_Positive_Corrected	1
G192	G1771	1	IEntropy_True_Positive_Corrected	1
G220	G1771	1	IEntropy_True_Positive_Corrected	1
G92	G2626	1	IEntropy_True_Positive_Corrected	1
G150	G3345	1	IEntropy_True_Positive_Corrected	1
G86	G3345	1	IEntropy_True_Positive_Corrected	1
G23	G785	1	IEntropy_True_Positive_Corrected	1
G55	G3433	1	IEntropy_True_Positive_Corrected	1
G55	G589	1	IEntropy_True_Positive_Corrected	1
G31	G1155	1	IEntropy_True_Positive_Corrected	1
G305	G3185	1	IEntropy_True_Positive_Corrected	1
G55	G4100	1	IEntropy_True_Positive_Corrected	1
G11	G3659	1	IEntropy_True_Positive_Corrected	1
G23	G3638	1	IEntropy_True_Positive_Corrected	1
G192	G3638	1	IEntropy_True_Positive_Corrected	1
G309	G3543	1	IEntropy_True_Positive_Corrected	1
G92	G688	1	IEntropy_True_Positive_Corrected	1
G89	G972	1	IEntropy_True_Positive_Corrected	1
G199	G4400	1	IEntropy_True_Positive_Corrected	1
G73	G3373	1	IEntropy_True_Positive_Corrected	1
G313	G3373	1	IEntropy_True_Positive_Corrected	1
G57	G82	1	IEntropy_True_Positive_Corrected	1
G259	G4220	1	IEntropy_True_Positive_Corrected	1
G244	G4220	1	IEntropy_True_Positive_Corrected	1
G268	G4220	1	IEntropy_True_Positive_Corrected	1
G55	G4220	1	IEntropy_True_Positive_Corrected	1
G333	G4220	1	IEntropy_True_Positive_Corrected	1
G92	G2741	1	IEntropy_True_Positive_Corrected	1
G235	G2741	1	IEntropy_True_Positive_Corrected	1
G55	G3386	1	IEntropy_True_Positive_Corrected	1
G10	G3688	1	IEntropy_True_Positive_Corrected	1
G31	G3688	1	IEntropy_True_Positive_Corrected	1
G116	G3739	1	IEntropy_True_Positive_Corrected	1
G92	G3739	1	IEntropy_True_Positive_Corrected	1
G192	G3739	1	IEntropy_True_Positive_Corrected	1
G220	G3739	1	IEntropy_True_Positive_Corrected	1
